stage,workload,point,metric,median,mean,sample_sd,cv_percent,minimum,maximum
XFS-pre,fio,4096,operations_per_second,1372.412759,1266.5132774,298.63770277800734,23.579516149335184,784.421558,1510.524474
XFS-pre,fio,4096,mb_per_second,5.621402,5.1876378,1.2232200911476234,23.579519972416414,3.21299,6.187108
XFS-pre,fio,4096,sync_mean_ms,0.717284966559,0.8258580720763999,0.25492796175921273,30.86825332084777,0.650360180326,1.26311367304
XFS-pre,fio,4096,sync_p50_ms,0.643072,0.7651328000000001,0.27373418145931283,35.77603540971094,0.618496,1.253376
XFS-pre,fio,4096,sync_p95_ms,1.318912,1.2705792,0.2831340556895267,22.283857290401627,0.831488,1.564672
XFS-pre,fio,4096,sync_p99_ms,1.51552,1.5056896,0.2367473826947196,15.723518492438254,1.122304,1.744896
XFS-pre,fio,4096,cpu_seconds,0.780039,0.7892394776839999,0.04735951382540939,6.000651914218039,0.7250362963799999,0.8480424000000001
XFS-pre,fio,4096,device_bytes_written,128705536,128749568.0,1692018.7874512505,1.3141937590433317,126351360,130780160
XFS-pre,fio,4096,device_busy_ms,18868,18828.0,122.93087488503447,0.6529152054654476,18640,18968
XFS-pre,fio,16384,operations_per_second,1398.830058,1260.2395206,289.57910848610646,22.978100888967347,746.725327,1417.279136
XFS-pre,fio,16384,mb_per_second,22.918431,20.6477636,4.7444641636709415,22.978101917395747,12.234347,23.220701
XFS-pre,fio,16384,sync_mean_ms,0.7018607003359999,0.8312937304747999,0.2770917604239863,33.3325935545939,0.692832581578,1.325675463042
XFS-pre,fio,16384,sync_p50_ms,0.700416,0.8192,0.27027393226872615,32.99242337264723,0.692224,1.302528
XFS-pre,fio,16384,sync_p95_ms,0.88064,1.08544,0.3304713112389637,30.44583866809439,0.872448,1.630208
XFS-pre,fio,16384,sync_p99_ms,1.019904,1.2738559999999999,0.3758847224136677,29.50763056528114,1.00352,1.810432
XFS-pre,fio,16384,cpu_seconds,0.8090404499999999,0.7952397792679999,0.036163902238554195,4.547546938841797,0.73403679634,0.8270413499999999
XFS-pre,fio,16384,device_bytes_written,458428416,426656870.4,68055411.05492586,15.950853197587666,306219520,464688128
XFS-pre,fio,16384,device_busy_ms,18936,18869.6,155.52748953159374,0.8242225035591308,18592,18956
XFS-pre,fio,65536,operations_per_second,1062.39688,1031.4781016000002,59.35088620212594,5.753964733721685,928.503575,1068.19659
XFS-pre,fio,65536,mb_per_second,69.625241,67.5989482,3.889619445892711,5.753964446879828,60.85041,70.005331
XFS-pre,fio,65536,sync_mean_ms,0.923778054073,0.9546714163116,0.06004847965124814,6.289963083135676,0.918846538966,1.0597038084650001
XFS-pre,fio,65536,sync_p50_ms,0.9216,0.9314304,0.017759832792005683,1.9067267712118567,0.913408,0.954368
XFS-pre,fio,65536,sync_p95_ms,1.122304,1.2304384000000002,0.22392798659569113,18.199040813070454,1.122304,1.630208
XFS-pre,fio,65536,sync_p99_ms,1.26976,1.400832,0.2768362741549597,19.762275144696844,1.253376,1.892352
XFS-pre,fio,65536,cpu_seconds,0.7330366500000001,0.7338366692280001,0.024784259956223475,3.377353707644051,0.7020351000000001,0.77003839614
XFS-pre,fio,65536,device_bytes_written,1392981504,1355749580.8,70488393.18939926,5.199219250195563,1234287616,1400455168
XFS-pre,fio,65536,device_busy_ms,18860,18841.6,71.30778358636594,0.37845927939435053,18720,18900
XFS-pre,fio,262144,operations_per_second,394.330283,395.876312,3.6040584909878994,0.9104001380582477,393.790931,402.269546
XFS-pre,fio,262144,mb_per_second,103.371317,103.77659940000001,0.9447821369163872,0.9103999768529581,103.229929,105.452547
XFS-pre,fio,262144,sync_mean_ms,2.485178913021,2.4765315458751997,0.02381423363771974,0.9615962161832204,2.434699662607,2.493147283737
XFS-pre,fio,262144,sync_p50_ms,1.859584,1.9054592,0.11015118070724442,5.780820744272269,1.826816,2.08896
XFS-pre,fio,262144,sync_p95_ms,4.01408,4.01408,0.05181075718419858,1.2907255755789266,3.948544,4.079616
XFS-pre,fio,262144,sync_p99_ms,4.17792,4.1746432,0.033577208269896144,0.8043132469355977,4.145152,4.227072
XFS-pre,fio,262144,cpu_seconds,0.59902995,0.5910295739420001,0.03927657722192509,6.645450406138127,0.53502684199,0.6420319807200001
XFS-pre,fio,262144,device_bytes_written,2067664384,2076808192.0,20774387.946071673,1.0003036402733754,2065177600,2113716224
XFS-pre,fio,262144,device_busy_ms,19324,19330.4,59.57180541162069,0.30817678584830466,19240,19392
XFS-pre,fio,1048576,operations_per_second,100.684897,100.1389752,0.9823131697810054,0.9809498927057178,98.430314,100.724819
XFS-pre,fio,1048576,mb_per_second,105.575766,105.0033254,1.0300301413705335,0.9809500198653075,103.211664,105.617627
XFS-pre,fio,1048576,sync_mean_ms,9.727187431479999,9.7756650882096,0.09649357405591638,0.9870793770573932,9.710023723076999,9.941321670899
XFS-pre,fio,1048576,sync_p50_ms,11.075584,11.075584,0.0,0.0,11.075584,11.075584
XFS-pre,fio,1048576,sync_p95_ms,11.206656,11.206656,0.0,0.0,11.206656,11.206656
XFS-pre,fio,1048576,sync_p99_ms,11.337728,11.337728,0.0,0.0,11.337728,11.337728
XFS-pre,fio,1048576,cpu_seconds,0.50702544241,0.500025041624,0.016599086360099352,3.3196510131149077,0.4780237641199999,0.5160257742
XFS-pre,fio,1048576,device_bytes_written,2112217600,2100976230.4,20699951.17627046,0.9852539441785803,2064984576,2113107968
XFS-pre,fio,1048576,device_busy_ms,19448,19434.4,57.73040793204219,0.29705268972565235,19340,19492
XFS-pre,dodb,1,tx_per_second,16568.677337,16578.3490732,127.29083024008364,0.7678136687678854,16452.625329,16716.327178
XFS-pre,dodb,1,p50_us,3813.993,3805.4885999999997,25.17517341151781,0.661549042914432,3778.032,3833.673
XFS-pre,dodb,1,p95_us,4537.039,4557.975,83.12845325759382,1.823802308209102,4467.278,4665.24
XFS-pre,dodb,1,p99_us,5725.569,5722.8174,71.0944220899222,1.242297580382736,5630.489,5795.65
XFS-pre,dodb,1,cpu_seconds,1.75998367545,1.7638859564579998,0.016802124609905513,0.9525629788246228,1.74974622804,1.7899679296799997
XFS-pre,dodb,1,wal_bytes,18806028,18814232.0,142448.05222957596,0.7571292425307393,18670892,18969328
XFS-pre,dodb,1,wal_sync_count,2593,2585.8,24.304320603547016,0.9399149432882287,2553,2616
XFS-pre,dodb,1,wal_sync_total_ms,3785.707764,3786.9685234000003,7.1991111744069105,0.19010221843469233,3778.226829,3795.164006
XFS-pre,dodb,1,wal_bytes_per_sync,7262.1127965772075,7276.13202282425,33.130891187627384,0.4553365865778716,7242.940366972477,7315.855855855856
XFS-pre,dodb,1,wal_sync_mean_ms,1.4586856332433475,1.4646443597968022,0.01600012508350776,1.0924239032148078,1.447135995412844,1.4865507269878573
XFS-pre,dodb,1,transactions_per_sync,32.025281991443016,32.08488869087445,0.1452164765764188,0.45260084264441014,31.938455657492355,32.25695260477869
XFS-pre,dodb,1,average_group_size,32.025282,32.0848888,0.14521644616812687,0.4526007463305494,31.938456,32.256953
XFS-pre,dodb,1,groups_per_second,518.081918081918,516.7467947382157,4.882262182953278,0.9448074439294076,510.1918465227818,522.8862682390566
XFS-pre,dodb,1,physical_execution_ms,435.045543,435.0347772,4.448680386614582,1.0226033916753683,427.969271,439.851964
XFS-pre,dodb,1,planning_ms,186.449933,187.10834459999998,1.6946708468597458,0.9057163380300388,185.851072,189.971561
XFS-pre,dodb,1,validation_ms,42.711175,42.8808416,0.5186305089076428,1.2094690532091676,42.400968,43.599165
XFS-pre,dodb,1,publication_ms,4556.089967,4556.3392428,3.7395321240354504,0.0820731715695823,4551.482765,4561.456038
XFS-pre,dodb,1,device_bytes_written,458416128,458325094.4,317431.8244108489,0.06925909759019491,457879552,458702336
XFS-pre,dodb,1,device_busy_ms,6592,6597.6,100.30353931940786,1.520303433360735,6448,6720
XFS-pre,dodb,1,errors,0,0.0,0.0,0.0,0,0
XFS-pre,dodb,2,tx_per_second,13928.253916,13934.5682918,112.90838931360898,0.8102754742682022,13813.60881,14091.603975
XFS-pre,dodb,2,p50_us,4574.879,4574.215,37.97496649109768,0.8301963613668725,4513.399,4608.599
XFS-pre,dodb,2,p95_us,5256.525,5285.5652,194.45869243415186,3.6790520043940025,5053.003,5499.167
XFS-pre,dodb,2,p99_us,6641.897,6578.4882,265.1019778268353,4.029831319403071,6128.693,6790.418
XFS-pre,dodb,2,cpu_seconds,2.3698275439,2.38380203719,0.02516508811377767,1.0556702159480493,2.35967590657,2.4199339163999998
XFS-pre,dodb,2,wal_bytes,26861883,26872233.8,217152.45100090397,0.8080922956278535,26642929,27177924
XFS-pre,dodb,2,wal_sync_count,2153,2151.0,36.40741682679506,1.6925809775358,2099,2199
XFS-pre,dodb,2,wal_sync_total_ms,3320.724088,3309.5587635999996,21.25564234009314,0.642250035680652,3283.602655,3330.946623
XFS-pre,dodb,2,wal_bytes_per_sync,12413.06977818854,12495.347234034005,205.5974905214498,1.6453923742227576,12359.219645293315,12854.301095759885
XFS-pre,dodb,2,wal_sync_mean_ms,1.525128961913609,1.5390091800789074,0.030772451170350212,1.9994975708184184,1.5109291823556164,1.586920735111958
XFS-pre,dodb,2,transactions_per_sync,32.21072088724584,32.42586261996676,0.5339089315453622,1.6465527464999468,32.07548885857208,33.3587422582182
XFS-pre,dodb,2,average_group_size,32.210721,32.4258626,0.5339087586173321,1.646552214211048,32.075489,33.358742
XFS-pre,dodb,2,groups_per_second,430.16983016983016,429.8552262652076,7.20935157208766,1.6771580596392957,419.54827103737756,439.36063936063937
XFS-pre,dodb,2,physical_execution_ms,628.948641,630.6138530000001,8.746016256398303,1.3869051900447709,620.231953,639.912526
XFS-pre,dodb,2,planning_ms,278.802711,281.349098,7.658979855698314,2.722233662785126,272.262022,292.181033
XFS-pre,dodb,2,validation_ms,61.320599,61.2567716,0.9709584174509215,1.5850629931841225,60.096184,62.668547
XFS-pre,dodb,2,publication_ms,4399.820761,4396.4902424,8.735653668171906,0.19869607770136208,4385.468019,4405.02137
XFS-pre,dodb,2,device_bytes_written,464716800,464800665.6,597033.5381775466,0.1284493724652589,464089088,465686528
XFS-pre,dodb,2,device_busy_ms,6016,6037.6,156.65503502920038,2.5946573974625737,5824,6232
XFS-pre,dodb,2,errors,0,0.0,0.0,0.0,0,0
XFS-pre,dodb,4,tx_per_second,11204.976465,11207.383392,90.24078029377269,0.8051904457751301,11090.048673,11323.550513
XFS-pre,dodb,4,p50_us,6010.892,5987.9792,52.02296028389763,0.8687899297295094,5916.25,6031.331
XFS-pre,dodb,4,p95_us,6773.298,6857.834599999999,179.43817319149227,2.6165427377249997,6702.538,7114.061
XFS-pre,dodb,4,p99_us,7327.103,7336.4308,115.69900148531961,1.5770475404105169,7174.502,7500.064
XFS-pre,dodb,4,cpu_seconds,3.2996708592000004,3.293768715224,0.019653839337286465,0.596697614087025,3.2695107445,3.3199875099600002
XFS-pre,dodb,4,wal_bytes,39375037,39411225.6,325096.5847187571,0.8248832147933939,38984445,39840040
XFS-pre,dodb,4,wal_sync_count,1622,1621.2,20.945166506857852,1.2919545094286857,1590,1649
XFS-pre,dodb,4,wal_sync_total_ms,2618.577962,2622.9824606,17.876127723225846,0.6815191482117928,2600.983269,2643.714569
XFS-pre,dodb,4,wal_bytes_per_sync,24425.59222702036,24312.356547441468,298.8651774402562,1.2292727644770722,23810.018799272286,24532.04433497537
XFS-pre,dodb,4,wal_sync_mean_ms,1.6109700086313192,1.618186236343312,0.027173393708639495,1.6792500824901606,1.5879793583990298,1.6595239930817611
XFS-pre,dodb,4,transactions_per_sync,34.775447254781,34.60845618361848,0.43288173217142284,1.2507975792815702,33.875682231655546,34.91446540880503
XFS-pre,dodb,4,average_group_size,34.775447,34.608456000000004,0.4328816423989364,1.2507973265231374,33.875682,34.914465
XFS-pre,dodb,4,groups_per_second,324.14068745004,323.8899705830037,4.161957111708051,1.2849910431670688,317.6823176823177,329.4047143427886
XFS-pre,dodb,4,physical_execution_ms,938.375162,936.4413488,8.6116102451617,0.9196102090319935,924.361012,947.523327
XFS-pre,dodb,4,planning_ms,412.371214,413.0161812,5.734879982446857,1.3885363923961573,405.683235,421.41944
XFS-pre,dodb,4,validation_ms,92.148664,92.2056962,0.8750702894671939,0.9490414643896956,91.014278,93.071218
XFS-pre,dodb,4,publication_ms,4170.863653,4169.1681236,7.717635627036419,0.18511212304799984,4159.935738,4179.021966
XFS-pre,dodb,4,device_bytes_written,476463104,476502937.6,764603.0817285528,0.16046135740099007,475398144,477469184
XFS-pre,dodb,4,device_busy_ms,4992,4996.8,77.94356933063817,1.559869703222826,4900,5084
XFS-pre,dodb,4,errors,0,0.0,0.0,0.0,0,0
XFS-pre,dodb,8,tx_per_second,8046.911445,8068.1214674,178.08001577680344,2.2072054380484034,7861.82094,8353.840241
XFS-pre,dodb,8,p50_us,8975.877,8946.9884,121.6134572685118,1.3592669603607823,8739.675,9046.397
XFS-pre,dodb,8,p95_us,10145.166,10191.359,217.45721547927542,2.133741098505856,9920.045,10449.25
XFS-pre,dodb,8,p99_us,10952.453,11037.8062,356.8742213605516,3.233198834026924,10580.731,11511.338
XFS-pre,dodb,8,cpu_seconds,4.319310510259999,4.31747329704,0.017781563533305633,0.41185115251312443,4.2896090237,4.3392882103799995
XFS-pre,dodb,8,wal_bytes,53889726,54049827.6,1209921.6151833143,2.238530017408075,52642065,55989293
XFS-pre,dodb,8,wal_sync_count,1067,1062.0,23.526580712037184,2.2153089182709214,1034,1092
XFS-pre,dodb,8,wal_sync_total_ms,1877.650194,1883.1897776,17.726606879046575,0.9413075139797092,1865.132286,1906.477239
XFS-pre,dodb,8,wal_bytes_per_sync,50471.778523489935,50899.6214089367,829.0634313183007,1.6288204280685237,50176.65363128491,52183.70502901354
XFS-pre,dodb,8,wal_sync_mean_ms,1.7525481949390815,1.7738861187593464,0.03964701423675402,2.235037177272862,1.7369233012820513,1.827878465004794
XFS-pre,dodb,8,transactions_per_sync,37.72962607861937,38.0398740878745,0.6212411526836467,1.6331314642328745,37.51582867783985,39.011605415860735
XFS-pre,dodb,8,average_group_size,37.729626,38.039874,0.621241027603217,1.633131139191515,37.515829,39.011605
XFS-pre,dodb,8,groups_per_second,213.1868131868132,212.14544817564516,4.7005331099630485,2.2157124512382924,206.51088476133415,218.13823411905713
XFS-pre,dodb,8,physical_execution_ms,1291.248708,1290.2808602,18.8200574742863,1.4586016157264472,1264.683862,1314.936387
XFS-pre,dodb,8,planning_ms,561.236914,560.1143536,8.650346156731015,1.544389302136787,545.967109,568.290555
XFS-pre,dodb,8,validation_ms,126.875572,126.57115100000001,1.0838079935346026,0.8562835882993608,124.790829,127.665987
XFS-pre,dodb,8,publication_ms,3922.892214,3924.8703616,13.94168815925546,0.3552139784197111,3914.129952,3948.209287
XFS-pre,dodb,8,device_bytes_written,490455040,490448691.2,1491670.0473935916,0.3041439551492867,488656896,492763136
XFS-pre,dodb,8,device_busy_ms,4076,4063.2,96.0583156212933,2.364105031041871,3908,4144
XFS-pre,dodb,8,errors,0,0.0,0.0,0.0,0,0
XFS-pre,dodb,16,tx_per_second,5012.837734,4985.971005599999,134.52409839603925,2.6980521596485088,4766.886365,5129.484803
XFS-pre,dodb,16,p50_us,14660.686,13921.3832,2383.802923119841,17.123319492561926,9756.403,15796.535
XFS-pre,dodb,16,p95_us,17112.787,17339.996600000002,946.7449212281518,5.459891043047562,16439.181,18717.32
XFS-pre,dodb,16,p99_us,21002.58,20939.579,1778.9517999345849,8.495642629369888,18633.199,22714.874
XFS-pre,dodb,16,cpu_seconds,4.9496631100799995,4.951498734736,0.037599428630237686,0.759354503444953,4.90908839424,5.009038384349999
XFS-pre,dodb,16,wal_bytes,65413019,65302692.6,1683380.8658602189,2.5778123364245764,62597001,66987479
XFS-pre,dodb,16,wal_sync_count,636,615.4,41.74685616905781,6.783694535108515,555,656
XFS-pre,dodb,16,wal_sync_total_ms,1398.487816,1387.1625576000001,26.900952296189885,1.939279008707716,1355.091269,1413.50151
XFS-pre,dodb,16,wal_bytes_per_sync,105326.22484276729,106449.69650150952,6729.677793739084,6.3219323444887925,101173.73780487805,117861.29549549549
XFS-pre,dodb,16,wal_sync_mean_ms,2.198503846875,2.26205039223403,0.1523074654187506,6.733159700670053,2.1306466493710694,2.4534950108108107
XFS-pre,dodb,16,transactions_per_sync,40.374213836477985,40.712472669831456,2.670031009778832,6.558262946670307,38.50762195121951,45.23603603603603
XFS-pre,dodb,16,average_group_size,40.374214,40.7124728,2.670030968469317,6.558262824235321,38.507622,45.236036
XFS-pre,dodb,16,groups_per_second,127.07292707292707,122.87782399306715,8.322774839600312,6.773211446249153,110.8226837060703,130.9119936140491
XFS-pre,dodb,16,physical_execution_ms,1553.741359,1538.2456888000002,32.64327243085063,2.1221104449391275,1481.96613,1562.945706
XFS-pre,dodb,16,planning_ms,670.629922,670.2774868,6.18933160666585,0.9233984026846254,662.176922,678.930463
XFS-pre,dodb,16,validation_ms,171.788713,172.0741654,1.5640201744799573,0.9089221329908932,170.603718,174.389293
XFS-pre,dodb,16,publication_ms,3738.396725,3744.7797928,21.016753543411294,0.5612280215733836,3721.724661,3772.000057
XFS-pre,dodb,16,device_bytes_written,501495808,501029273.6,2062094.6798236012,0.41157169620190454,497543168,502988800
XFS-pre,dodb,16,device_busy_ms,3456,3437.6,124.69482747892954,3.627380366503652,3304,3624
XFS-pre,dodb,16,errors,0,0.0,0.0,0.0,0,0
ZFS,fio,4096,operations_per_second,1270.386481,1266.2666868000001,9.444539599052854,0.7458570692497865,1253.287336,1277.036148
ZFS,fio,4096,mb_per_second,5.203503,5.186628000000001,0.03868508488422904,0.7458619527798993,5.133464,5.23074
ZFS,fio,4096,sync_mean_ms,0.7675995636540001,0.7692709554296,0.005387934976240007,0.7003949568369067,0.7629188465269999,0.7766042377629999
ZFS,fio,4096,sync_p50_ms,0.733184,0.733184,0.00579261875148022,0.7900634426665368,0.724992,0.741376
ZFS,fio,4096,sync_p95_ms,1.019904,1.0256383999999998,0.01868063416482427,1.8213664937685905,1.011712,1.056768
ZFS,fio,4096,sync_p99_ms,1.384448,1.368064,0.0555608472217622,4.061275438997168,1.302528,1.4336
ZFS,fio,4096,cpu_seconds,1.040052,1.04365218,0.013240752638662614,1.2686940048036515,1.03305165,1.0660533
ZFS,fio,4096,device_bytes_written,310422528,309643571.2,5500565.2252679635,1.7764183522205688,300638208,314679808
ZFS,fio,4096,device_busy_ms,17100,17132.0,102.17631819555841,0.5964062467637078,17036,17304
ZFS,fio,16384,operations_per_second,1079.39603,1073.5863206,14.010562744972608,1.305024335364339,1050.097495,1084.19579
ZFS,fio,16384,mb_per_second,17.684824,17.5896378,0.229549009792463,1.305024085217167,17.204797,17.763463
ZFS,fio,16384,sync_mean_ms,0.894360605864,0.8996815487734,0.010997778155775347,1.2224078809629253,0.891708516324,0.918216594391
ZFS,fio,16384,sync_p50_ms,0.815104,0.8183808000000001,0.007327147548671291,0.8953225135134267,0.815104,0.831488
ZFS,fio,16384,sync_p95_ms,1.4336,1.4532608,0.05838775805937401,4.017706805232344,1.400832,1.51552
ZFS,fio,16384,sync_p99_ms,2.244608,2.2134784,0.13163399517146018,5.946929284309265,1.990656,2.342912
ZFS,fio,16384,cpu_seconds,1.19905995,1.20066003,0.02992306020844541,2.49221756873554,1.1620581,1.2440622000000001
ZFS,fio,16384,device_bytes_written,764473344,765158195.2,13244364.403053973,1.7309315231985603,748132864,785063936
ZFS,fio,16384,device_busy_ms,16844,16841.6,53.11120409103902,0.31535723500759444,16764,16912
ZFS,fio,65536,operations_per_second,429.628519,429.1842944,2.7388814692166346,0.6381597614250059,424.657534,431.528424
ZFS,fio,65536,mb_per_second,28.156134,28.1270214,0.17949508255882743,0.6381588722324769,27.830356,28.280646
ZFS,fio,65536,sync_mean_ms,2.2253530692420003,2.2285537567346,0.01548544284100642,0.6948651247119363,2.2157367293159997,2.25310666753
ZFS,fio,65536,sync_p50_ms,2.179072,2.1921792,0.017947772764329233,0.8187183221302909,2.179072,2.21184
ZFS,fio,65536,sync_p95_ms,2.506752,2.5264128,0.029308590194685163,1.1600871478598098,2.506752,2.572288
ZFS,fio,65536,sync_p99_ms,3.03104,3.0900224,0.21286593192147962,6.88881517239097,2.834432,3.325952
ZFS,fio,65536,cpu_seconds,1.75708785,1.7560878182560002,0.024136234069031946,1.3744320653053694,1.7240862000000003,1.7900895000000003
ZFS,fio,65536,device_bytes_written,613146624,614260736.0,9582248.474287024,1.5599643461969581,603853312,629944832
ZFS,fio,65536,device_busy_ms,16536,16538.4,105.01809367913702,0.6349954873454325,16396,16692
ZFS,fio,262144,operations_per_second,249.95001,250.24003939999997,1.9597957217945676,0.7831663256182206,247.75045,252.587371
ZFS,fio,262144,mb_per_second,65.522895,65.5989244,0.5137487480012023,0.7831664203341758,64.946293,66.214263
ZFS,fio,262144,sync_mean_ms,3.7229602940000004,3.7192389446158005,0.027869772727638808,0.7493407426265206,3.690652464067,3.755152001009
ZFS,fio,262144,sync_p50_ms,3.555328,3.5553280000000003,0.02317047500592088,0.6517113190659449,3.52256,3.588096
ZFS,fio,262144,sync_p95_ms,4.01408,4.0337407999999995,0.04396288529202774,1.0898787867586273,3.981312,4.079616
ZFS,fio,262144,sync_p99_ms,9.764864,9.764864,0.6487733001657822,6.643956333296421,9.109504,10.81344
ZFS,fio,262144,cpu_seconds,2.84514231468,2.8505425129399997,0.016334834052081196,0.5730429901651856,2.8341417,2.8771438856199993
ZFS,fio,262144,device_bytes_written,1423362048,1424401612.8,10460434.182055121,0.7343739355568863,1410932736,1436630528
ZFS,fio,262144,device_busy_ms,16188,16176.0,125.47509713086498,0.7756868022432306,15964,16276
ZFS,fio,1048576,operations_per_second,91.722483,92.1687704,1.0301987483727622,1.1177308147888259,91.318039,93.867146
ZFS,fio,1048576,mb_per_second,96.177994,96.6459602,1.080242189018142,1.1177313431235814,95.753903,98.426837
ZFS,fio,1048576,sync_mean_ms,9.888228841417,9.8275211748454,0.11573045056854193,1.1776158861378645,9.649402063364999,9.931806953476
ZFS,fio,1048576,sync_p50_ms,9.895936,9.9483648,0.07179109105731693,0.7216370981622722,9.895936,10.027008
ZFS,fio,1048576,sync_p95_ms,15.532032,15.6106752,0.19878053004054522,1.273362794970875,15.40096,15.925248
ZFS,fio,1048576,sync_p99_ms,22.413312,23.1473152,2.4125794659532356,10.422718337344088,20.31616,26.86976
ZFS,fio,1048576,cpu_seconds,3.73718675772,3.7179859267159996,0.07737114698709945,2.0809962305435454,3.63918206808,3.8221911809
ZFS,fio,1048576,device_bytes_written,2068688896,2080906649.6,22489232.066272,1.0807419963117986,2065260032,2119178240
ZFS,fio,1048576,device_busy_ms,14776,14689.6,225.4701754112947,1.5348966303459228,14312,14872
ZFS,dodb,1,tx_per_second,22986.5377,22970.813107200003,315.6753830334574,1.374245576594377,22495.048503,23382.005444
ZFS,dodb,1,p50_us,2852.184,2863.4326,39.03202260067997,1.3631200050135621,2832.944,2930.825
ZFS,dodb,1,p95_us,3343.069,3353.6608,58.2710229548101,1.737534784519952,3285.268,3441.789
ZFS,dodb,1,p99_us,4792.081,4816.745199999999,215.73393667130816,4.478832234499516,4546.119,5145.044
ZFS,dodb,1,cpu_seconds,2.3895824378399997,2.387798553978,0.02173652954293485,0.910316722770539,2.35982409543,2.41999229628
ZFS,dodb,1,wal_bytes,26079851,26061600.2,359472.710671756,1.379319412135545,25522294,26533077
ZFS,dodb,1,wal_sync_count,3353,3331.8,47.44154297659384,1.4239012838884038,3247,3355
ZFS,dodb,1,wal_sync_total_ms,3263.876814,3265.3637256,25.277604967649413,0.7741129960339942,3239.373918,3294.883084
ZFS,dodb,1,wal_bytes_per_sync,7789.858634059052,7822.346303991736,66.05890900509678,0.8444897021675835,7767.854203935599,7920.321492537313
ZFS,dodb,1,wal_sync_mean_ms,0.9799508741800835,0.9801717863767039,0.011606800291742833,1.1841598027064673,0.9662979374068554,0.9976513452417617
ZFS,dodb,1,transactions_per_sync,34.357590217715476,34.499631357935094,0.29081236140171085,0.8429433879583251,34.25968992248062,34.93253731343284
ZFS,dodb,1,average_group_size,34.35759,34.4996314,0.29081227615044214,0.8429431398227697,34.25969,34.932537
ZFS,dodb,1,groups_per_second,670.1978812712373,665.9068587624404,9.453641006676406,1.4196641590755796,649.0105936438136,670.4636290967227
ZFS,dodb,1,physical_execution_ms,591.673758,593.8220881999999,9.823403241900115,1.6542670670397126,584.111703,604.754367
ZFS,dodb,1,planning_ms,247.424874,248.4156268,3.643924763736313,1.4668661592171273,244.116435,253.797208
ZFS,dodb,1,validation_ms,57.014149,57.31433440000001,0.7324848673879214,1.2780133888947707,56.442946,58.15961
ZFS,dodb,1,publication_ms,4391.67475,4393.7894856,10.560902525083073,0.2403597750801416,4382.746326,4407.421137
ZFS,dodb,1,device_bytes_written,508944384,508879052.8,4440468.713658413,0.8725980543364218,503295488,513304064
ZFS,dodb,1,device_busy_ms,5944,5956.0,103.15037566582102,1.7318733321998157,5860,6128
ZFS,dodb,1,errors,0,0.0,0.0,0.0,0,0
ZFS,dodb,2,tx_per_second,18427.088714,18428.551197200002,189.12253117890364,1.0262474198603229,18163.819061,18655.262843
ZFS,dodb,2,p50_us,3582.031,3591.4228000000003,31.131625017014517,0.8668326385023372,3553.311,3636.231
ZFS,dodb,2,p95_us,4283.917,4244.5482,84.7854012475024,1.997512980239037,4117.675,4321.397
ZFS,dodb,2,p99_us,6229.893,6200.8532,333.97200725015864,5.385904108327523,5744.65,6613.137
ZFS,dodb,2,cpu_seconds,3.0794370804,3.0777173122679997,0.020543937700099844,0.6675056743584036,3.0596506895999998,3.10988882232
ZFS,dodb,2,wal_bytes,35531188,35530681.2,366813.62448142515,1.0323855667631419,35019915,35975297
ZFS,dodb,2,wal_sync_count,2649,2646.0,21.011901389450696,0.7941005816118932,2618,2673
ZFS,dodb,2,wal_sync_total_ms,2724.150247,2724.2765362,16.78213359331097,0.6160216619095429,2699.510602,2741.168813
ZFS,dodb,2,wal_bytes_per_sync,13458.771791994015,13427.947416465491,60.4074832638307,0.4498638651932641,13350.950169875425,13489.441154138192
ZFS,dodb,2,wal_sync_mean_ms,1.0311346837280366,1.029599970967776,0.004143841605057,0.4024710297108869,1.0243816176580622,1.034225606302202
ZFS,dodb,2,transactions_per_sync,34.93004115226338,34.851377672118225,0.1552979533056455,0.445600615179947,34.653454133635336,35.00911161731207
ZFS,dodb,2,average_group_size,34.930041,34.8513776,0.15529812726913367,0.4456011152601717,34.653454,35.009112
ZFS,dodb,2,groups_per_second,529.4823106136319,528.819359064018,4.215788228722723,0.7972076204215448,523.1814548361311,534.1726618705036
ZFS,dodb,2,physical_execution_ms,836.466967,835.0989284,8.960489738230642,1.0729854192722301,826.139233,847.842192
ZFS,dodb,2,planning_ms,353.872119,356.02792600000004,6.080783888267335,1.7079513836415556,350.570274,366.05137
ZFS,dodb,2,validation_ms,79.078516,79.427321,1.6300221953254193,2.052218524813923,77.791076,81.869043
ZFS,dodb,2,publication_ms,4227.538749,4219.9258472,11.272728420751047,0.2671309598539679,4203.320795,4228.041281
ZFS,dodb,2,device_bytes_written,522857472,522023219.2,6021184.191222454,1.1534322554559762,513001984,529289216
ZFS,dodb,2,device_busy_ms,5264,5273.6,63.91244010362928,1.21193188910098,5212,5380
ZFS,dodb,2,errors,0,0.0,0.0,0.0,0,0
ZFS,dodb,4,tx_per_second,13347.444914,13399.2426876,99.45722371884098,0.7422600369114981,13329.911473,13565.548391
ZFS,dodb,4,p50_us,5132.004,5144.924,28.742229567311036,0.5586521699311989,5114.683,5187.805
ZFS,dodb,4,p95_us,6575.016,6457.055,232.22830986552867,3.596505060984127,6060.852,6609.376
ZFS,dodb,4,p99_us,8598.554,9048.1412,971.6326873254111,10.738478388527039,8417.712,10740.412
ZFS,dodb,4,cpu_seconds,3.85974814225,3.86156619709,0.015033668784413255,0.38931531966854094,3.8392419565499996,3.87991268665
ZFS,dodb,4,wal_bytes,46948065,47121553.8,360379.13756445446,0.7647861933713538,46851933,47721150
ZFS,dodb,4,wal_sync_count,1818,1819.6,14.604793733565701,0.8026375980196583,1806,1843
ZFS,dodb,4,wal_sync_total_ms,2109.844659,2112.1682929999997,11.340362489107273,0.5369061985586427,2100.408987,2129.473046
ZFS,dodb,4,wal_bytes_per_sync,25893.190450352686,25897.02499515228,141.2266122588984,0.5453391356162915,25714.56256860593,26088.009397457157
ZFS,dodb,4,wal_sync_mean_ms,1.161529019758507,1.1608071815032652,0.0032275359892447596,0.2780423864250258,1.1554384405860012,1.1635206738529573
ZFS,dodb,4,transactions_per_sync,36.8421052631579,36.857774900537436,0.1965754862498601,0.5333351966588568,36.61525795828759,37.124378109452735
ZFS,dodb,4,average_group_size,36.842105,36.8577748,0.19657550607514696,0.533335251902258,36.615258,37.124378
ZFS,dodb,4,groups_per_second,363.30935251798564,363.58551121141056,2.919312494406945,0.80292322009209,360.83916083916085,368.2317682317682
ZFS,dodb,4,physical_execution_ms,1139.931068,1137.5982722,9.366089307698628,0.8233213372929583,1126.766991,1148.470431
ZFS,dodb,4,planning_ms,476.779896,476.27619459999994,2.593512136429829,0.5445395268197243,473.573488,479.728639
ZFS,dodb,4,validation_ms,108.956948,109.03042639999998,1.2441576880336704,1.1411105405285937,107.604369,110.585422
ZFS,dodb,4,publication_ms,4023.021882,4025.8726598000003,7.231492680330146,0.17962546984010658,4018.500322,4034.501419
ZFS,dodb,4,device_bytes_written,546471936,546142924.8,2468896.958054588,0.4520605954858262,542938112,548815360
ZFS,dodb,4,device_busy_ms,4548,4552.0,78.689262291624,1.7286744791657296,4440,4660
ZFS,dodb,4,errors,0,0.0,0.0,0.0,0,0
ZFS,dodb,8,tx_per_second,7085.605415,7092.9293806000005,107.15891525282747,1.510785029749764,6960.023588,7208.313445
ZFS,dodb,8,p50_us,9760.123,9756.267199999998,139.3678556525856,1.4284956817560883,9597.922,9968.605
ZFS,dodb,8,p95_us,11640.779,11831.373,340.37831195524194,2.8769130341444056,11567.139,12390.946
ZFS,dodb,8,p99_us,13221.913,13501.819200000002,596.2169157393139,4.415826540910234,12939.95,14322.602
ZFS,dodb,8,cpu_seconds,3.9393478767,3.929466659438,0.02643892137321274,0.6728374017300883,3.8894281940799997,3.95929992051
ZFS,dodb,8,wal_bytes,47438913,47515604.0,719243.6572532287,1.5136999147758465,46629859,48283023
ZFS,dodb,8,wal_sync_count,974,963.2,23.145193885556456,2.402947870178203,923,978
ZFS,dodb,8,wal_sync_total_ms,2120.12761,2126.8722761999998,21.39535412099329,1.0059538769868936,2104.230626,2158.241643
ZFS,dodb,8,wal_bytes_per_sync,49571.89219712526,49351.211427501665,1271.799311399174,2.577037674682988,47678.792433537834,50957.6858071506
ZFS,dodb,8,wal_sync_mean_ms,2.182811852697095,2.209249080759368,0.06221115144253652,2.815941035546484,2.1614555777096114,2.316205793066089
ZFS,dodb,8,transactions_per_sync,37.06160164271047,36.88679733150248,0.9471135800378078,2.5676221536016715,35.63905930470348,38.09425785482124
ZFS,dodb,8,average_group_size,37.061602,36.8867974,0.9471138340029674,2.567622837332491,35.639059,38.094258
ZFS,dodb,8,groups_per_second,194.52766127421611,192.39430074950283,4.651035786482786,2.417449876822718,184.30511182108626,195.326542840024
ZFS,dodb,8,physical_execution_ms,1165.455004,1162.2858700000002,17.730670504455137,1.5254999619375167,1136.158185,1184.526132
ZFS,dodb,8,planning_ms,502.715264,508.6495822,8.797813315893325,1.7296413137392577,502.01449,520.460352
ZFS,dodb,8,validation_ms,117.12628,117.63177599999999,2.473597502937475,2.10283104366075,114.329871,121.142126
ZFS,dodb,8,publication_ms,4041.366842,4038.2974157999997,12.43848321325672,0.30801305432806064,4020.320116,4050.894771
ZFS,dodb,8,device_bytes_written,515088384,514842931.2,2650543.1884146314,0.5148255958835298,510439424,517368320
ZFS,dodb,8,device_busy_ms,3916,3928.0,88.36288813749809,2.249564361952599,3820,4064
ZFS,dodb,8,errors,0,0.0,0.0,0.0,0,0
ZFS,dodb,16,tx_per_second,4513.241768,4548.0254274,125.30125365486806,2.755069329647523,4411.606588,4729.092034
ZFS,dodb,16,p50_us,15521.292,15315.882999999998,746.5689959816169,4.874475705916642,14036.44,15896.256
ZFS,dodb,16,p95_us,20222.853,20297.677600000003,798.4662675318859,3.9337814072477233,19159.924,21370.542
ZFS,dodb,16,p99_us,23142.118,23629.050199999998,2203.8747517289185,9.326971389349026,21517.104,27370.234
ZFS,dodb,16,cpu_seconds,4.719332027879999,4.705382300116,0.09595385697910781,2.039236152538388,4.569118636200001,4.8195425454
ZFS,dodb,16,wal_bytes,59289698,59573854.4,1576839.2095557174,2.6468645103408273,57601239,61743958
ZFS,dodb,16,wal_sync_count,576,573.4,22.995651762887697,4.010403167577206,546,606
ZFS,dodb,16,wal_sync_total_ms,1554.423165,1570.8510013999999,58.396023677124674,3.717476936073504,1505.645252,1651.98196
ZFS,dodb,16,wal_bytes_per_sync,102123.72569444444,104001.74597156575,4254.865887797798,4.091148516834597,99688.30198019803,110652.25448028673
ZFS,dodb,16,wal_sync_mean_ms,2.698288982078853,2.74451420712743,0.18189020372471462,6.627409807256622,2.5338132013201324,3.0256079853479854
ZFS,dodb,16,transactions_per_sync,38.939236111111114,39.788697084139606,1.7175044724501247,4.316563743764178,38.16006600660066,42.46415770609319
ZFS,dodb,16,average_group_size,38.939236,39.788697,1.7175045690742707,4.316563995735449,38.160066,42.464158
ZFS,dodb,16,groups_per_second,114.8554336989033,114.44159302681271,4.577905248062988,4.000211048259721,109.00379317228987,120.93394532029535
ZFS,dodb,16,physical_execution_ms,1433.975978,1434.5813566,28.434950784922453,1.9821079267553097,1390.909843,1465.11369
ZFS,dodb,16,planning_ms,632.949297,630.7070436,11.797103743298448,1.8704569519252547,616.60108,642.726145
ZFS,dodb,16,validation_ms,158.273099,159.63240639999998,3.104011006490447,1.944474230822876,157.214185,164.496528
ZFS,dodb,16,publication_ms,3830.63191,3835.6732478,23.71865356052237,0.6183700234144426,3801.470012,3860.834445
ZFS,dodb,16,device_bytes_written,532986368,532587212.8,3294326.2814947763,0.6185515165066269,529080320,536736768
ZFS,dodb,16,device_busy_ms,3616,3608.8,107.010279880019,2.9652593626695576,3436,3724
ZFS,dodb,16,errors,0,0.0,0.0,0.0,0,0
XFS-post,fio,4096,operations_per_second,1399.480026,1285.8057098,303.8294410462765,23.629498510590334,793.160342,1537.273136
XFS-post,fio,4096,mb_per_second,5.73227,5.2666596,1.2444854043725462,23.629501408683147,3.248784,6.29667
XFS-post,fio,4096,sync_mean_ms,0.703725252903,0.8141407802644001,0.2529635105267167,31.07122461603807,0.639922755488,1.248936361699
XFS-post,fio,4096,sync_p50_ms,0.626688,0.753664,0.2709558953335395,35.95181610552441,0.618496,1.236992
XFS-post,fio,4096,sync_p95_ms,1.368064,1.2574720000000001,0.271543485136359,21.594396148491494,0.864256,1.548288
XFS-post,fio,4096,sync_p99_ms,1.548288,1.51552,0.16011116778038936,10.56476772199571,1.318912,1.728512
XFS-post,fio,4096,cpu_seconds,0.7910395500000001,0.7788389400000001,0.03427561046774732,4.40085988352705,0.7420371,0.81904095
XFS-post,fio,4096,device_bytes_written,130555904,130786918.4,1112524.4807215706,0.8506389586449423,129743360,132650496
XFS-post,fio,4096,device_busy_ms,18848,18759.2,168.1523119079842,0.8963725100643107,18556,18920
XFS-post,fio,16384,operations_per_second,1384.230788,1263.7868104000001,292.3704869017348,23.134478418017107,742.162892,1430.278486
XFS-post,fio,16384,mb_per_second,22.679237,20.705882600000002,4.790198223239545,23.13447977938185,12.159596,23.433682
XFS-post,fio,16384,sync_mean_ms,0.709543071227,0.8307496271964,0.2814999752292163,33.885055859635806,0.6869247136369999,1.333953880693
XFS-post,fio,16384,sync_p50_ms,0.708608,0.8159232,0.2724132555717507,33.38711971564857,0.67584,1.302528
XFS-post,fio,16384,sync_p95_ms,0.905216,1.0903551999999999,0.3294340254727796,30.213459382115083,0.872448,1.646592
XFS-post,fio,16384,sync_p99_ms,1.04448,1.2853248000000002,0.3781808208188247,29.422977041976058,1.00352,1.8432
XFS-post,fio,16384,cpu_seconds,0.7800390000000001,0.7756387800000001,0.026690283471344868,3.441071302719658,0.7360368000000002,0.8090404499999999
XFS-post,fio,16384,device_bytes_written,453832704,427772108.8,69436444.8410977,16.23211130708896,304165888,468747264
XFS-post,fio,16384,device_busy_ms,19000,18920.0,154.27248620541513,0.8153936903034626,18652,19016
XFS-post,fio,65536,operations_per_second,1051.79741,1028.0785959999998,58.55322714351807,5.695403772759615,924.053797,1064.39678
XFS-post,fio,65536,mb_per_second,68.930595,67.3761584,3.8373443958232114,5.695403963285642,60.558789,69.756307
XFS-post,fio,65536,sync_mean_ms,0.933361175405,0.9578982609854,0.06001671623980952,6.26545831475565,0.921932192588,1.064679996158
XFS-post,fio,65536,sync_p50_ms,0.929792,0.9379839999999999,0.023170475005920822,2.470242030346021,0.9216,0.978944
XFS-post,fio,65536,sync_p95_ms,1.138688,1.2402688,0.22743683160649247,18.3377048270901,1.122304,1.646592
XFS-post,fio,65536,sync_p99_ms,1.286144,1.4008319999999999,0.24051578070471802,17.169495036144095,1.26976,1.826816
XFS-post,fio,65536,cpu_seconds,0.73103655,0.73363668,0.011502748816293856,1.5679080844613515,0.7220361000000001,0.7480374000000001
XFS-post,fio,65536,device_bytes_written,1378957824,1351179673.6,69269171.01149304,5.126569942170351,1228298240,1395301888
XFS-post,fio,65536,device_busy_ms,18904,18906.4,90.44777498645281,0.47839765892212593,18800,19044
XFS-post,fio,262144,operations_per_second,395.210479,396.3343064,3.320433547590403,0.8377860543415232,393.980301,402.159784
XFS-post,fio,262144,mb_per_second,103.602055,103.89666,0.870431672290535,0.8377860003300732,103.279572,105.423774
XFS-post,fio,262144,sync_mean_ms,2.480490437018,2.4754945607702,0.020784305001871672,0.839602127641317,2.439109572725,2.4901055115479998
XFS-post,fio,262144,sync_p50_ms,1.826816,1.8530304000000002,0.052582175656775504,2.837631571331776,1.810432,1.941504
XFS-post,fio,262144,sync_p95_ms,4.046848,4.046848,0.04634095001184145,1.1451121962535151,3.981312,4.112384
XFS-post,fio,262144,sync_p99_ms,4.17792,4.1910272,0.03551966558401102,0.8475169424815717,4.145152,4.227072
XFS-post,fio,262144,cpu_seconds,0.5630281500000001,0.571228607712,0.021029628629891054,3.6814732921243496,0.54902749726,0.59602999704
XFS-post,fio,262144,device_bytes_written,2072529408,2079131238.4,19253986.472041287,0.9260592172554838,2065799680,2112995328
XFS-post,fio,262144,device_busy_ms,19396,19361.6,98.8979271774692,0.510794186314505,19216,19456
XFS-post,fio,1048576,operations_per_second,98.475381,98.51060340000001,0.14698100354569565,0.1492032314012764,98.34591,98.680264
XFS-post,fio,1048576,mb_per_second,103.258921,103.295854,0.1541207290778885,0.14920320914127735,103.12316,103.473756
XFS-post,fio,1048576,sync_mean_ms,9.945114503046,9.945669173310401,0.014641632719868377,0.14721616479220703,9.930481812563,9.965271683435
XFS-post,fio,1048576,sync_p50_ms,11.075584,11.075584,0.0,0.0,11.075584,11.075584
XFS-post,fio,1048576,sync_p95_ms,11.206656,11.206656,0.0,0.0,11.206656,11.206656
XFS-post,fio,1048576,sync_p99_ms,11.337728,11.3639424,0.058617180389370326,0.5158172958477009,11.337728,11.4688
XFS-post,fio,1048576,cpu_seconds,0.47502371943,0.48022398275600003,0.012618061031279862,2.6275366254856642,0.46902342108000006,0.49902492504999996
XFS-post,fio,1048576,device_bytes_written,2066962944,2067197235.2,2879515.871273364,0.13929565221166584,2063928832,2070241792
XFS-post,fio,1048576,device_busy_ms,19476,19473.6,28.649607327151973,0.14712024138912155,19432,19512
XFS-post,dodb,1,tx_per_second,16458.270038,16433.7623274,139.32225477900175,0.8477806360063385,16215.135295,16553.878735
XFS-post,dodb,1,p50_us,3844.513,3852.7372000000005,23.354352232506997,0.6061755842705024,3829.113,3890.514
XFS-post,dodb,1,p95_us,4554.319,4586.5674,65.64229180033263,1.4311855920907786,4533.079,4691.921
XFS-post,dodb,1,p99_us,5729.129,5761.0814,90.87602691744394,1.5774126523788388,5677.889,5900.45
XFS-post,dodb,1,cpu_seconds,1.77973379892,1.783795355854,0.039169046665527854,2.1958262497423924,1.7497373709599997,1.84988038235
XFS-post,dodb,1,wal_bytes,18675862,18651200.6,157434.16982599426,0.8440967056351013,18404465,18787944
XFS-post,dodb,1,wal_sync_count,2553,2552.2,10.2810505299799,0.40283091176161356,2542,2567
XFS-post,dodb,1,wal_sync_total_ms,3781.893107,3768.8937026,34.844291063469015,0.9245230514044855,3709.501099,3795.659965
XFS-post,dodb,1,wal_bytes_per_sync,7319.027658745617,7307.839771681113,44.77148882100711,0.6126501157633861,7240.151455546814,7347.9561815336465
XFS-post,dodb,1,wal_sync_mean_ms,1.4757166795926362,1.4767232648847155,0.01229988503349768,0.832917400705941,1.459284460660897,1.4925914136846246
XFS-post,dodb,1,transactions_per_sync,32.27425009738995,32.22452042067718,0.19717155421298194,0.6118680794593452,31.928402832415422,32.402582159624416
XFS-post,dodb,1,average_group_size,32.27425,32.2245204,0.19717155764536823,0.6118680905034298,31.928403,32.402582
XFS-post,dodb,1,groups_per_second,510.1918465227818,510.0319905241844,2.0582676772044537,0.4035565837917487,507.8921078921079,512.9896083133493
XFS-post,dodb,1,physical_execution_ms,429.755529,431.5463194,3.861138360066666,0.8947216524601568,428.542594,437.677097
XFS-post,dodb,1,planning_ms,186.502798,186.76095279999998,2.3822984059772305,1.2755869844637195,184.159937,190.519964
XFS-post,dodb,1,validation_ms,43.064805,43.3775982,1.8054942911783747,4.162273537722922,41.717612,46.317354
XFS-post,dodb,1,publication_ms,4554.732754,4545.7388154,16.73860940346032,0.36822637822378745,4516.632954,4555.79472
XFS-post,dodb,1,device_bytes_written,458058752,458137190.4,240363.79723410928,0.052465462806948165,457915392,458522624
XFS-post,dodb,1,device_busy_ms,6576,6564.8,88.33572323811019,1.3455965640706524,6436,6684
XFS-post,dodb,1,errors,0,0.0,0.0,0.0,0,0
XFS-post,dodb,2,tx_per_second,14072.278332,14036.377893,176.89244148610396,1.2602427979252464,13755.15642,14243.570795
XFS-post,dodb,2,p50_us,4532.439,4549.1828,57.156757191954085,1.2564181239750156,4494.958,4646.4
XFS-post,dodb,2,p95_us,5222.044,5279.541,221.94138916389625,4.203800844882088,5070.923,5624.408
XFS-post,dodb,2,p99_us,6721.178,6715.9776,208.63278108988527,3.106513950997771,6507.095,7023.781
XFS-post,dodb,2,cpu_seconds,2.3998868748,2.41575295354,0.03206887897161999,1.3274900036705675,2.38977188928,2.4696612941000002
XFS-post,dodb,2,wal_bytes,27134200,27072532.8,340517.2417421767,1.2577960261707641,26532826,27472906
XFS-post,dodb,2,wal_sync_count,2177,2142.4,68.07202068397852,3.1773721379750994,2032,2201
XFS-post,dodb,2,wal_sync_total_ms,3296.929133,3261.9822432,56.9710790672688,1.7465171426371793,3171.818523,3301.90954
XFS-post,dodb,2,wal_bytes_per_sync,12482.010904134484,12645.978018763199,404.60672347310884,3.1994893781468097,12418.25195043598,13367.795767716536
XFS-post,dodb,2,wal_sync_mean_ms,1.5147400738871042,1.5231593677060888,0.02295191131955018,1.5068621055796845,1.5001860699681964,1.5609343125
XFS-post,dodb,2,transactions_per_sync,32.389368468877784,32.81645359811783,1.0482212219546907,3.1941940917552736,32.226250573657644,34.686515748031496
XFS-post,dodb,2,average_group_size,32.389368,32.8164536,1.048221345022271,3.1941944665899884,32.226251,34.686516
XFS-post,dodb,2,groups_per_second,435.05195843325345,428.08808946310137,13.675345781644234,3.194516763779985,405.91290451458246,439.8481215027978
XFS-post,dodb,2,physical_execution_ms,639.969908,655.503561,35.837313117097196,5.4671424000238495,635.826947,719.381539
XFS-post,dodb,2,planning_ms,280.603999,279.53495039999996,3.1041284670031537,1.1104616659066453,275.08885,282.916092
XFS-post,dodb,2,validation_ms,60.786505,61.682784600000005,2.5600224969871457,4.150303060389309,59.626389,65.960656
XFS-post,dodb,2,publication_ms,4395.053531,4385.8237614,21.689397256974015,0.4945341727559645,4347.289982,4399.276936
XFS-post,dodb,2,device_bytes_written,465375232,464992972.8,1105422.3235755644,0.2377288234957955,463592448,466320384
XFS-post,dodb,2,device_busy_ms,6072,5985.6,170.5661162130392,2.8496076619393076,5728,6132
XFS-post,dodb,2,errors,0,0.0,0.0,0.0,0,0
XFS-post,dodb,4,tx_per_second,11287.363415,11277.232582,114.12191275668246,1.0119673592512102,11115.033983,11430.222488
XFS-post,dodb,4,p50_us,5926.65,5908.6664,55.80834367995539,0.9445167471285126,5834.45,5961.531
XFS-post,dodb,4,p95_us,6970.619,6959.739600000001,141.30682425594316,2.0303464264085846,6749.938,7146.581
XFS-post,dodb,4,p99_us,7490.144,7926.779800000001,1133.0759621445072,14.294278265992794,7148.542,9930.325
XFS-post,dodb,4,cpu_seconds,3.2695466804,3.2656637425699997,0.029534519484219073,0.904395608746175,3.2197761619199996,3.29943722525
XFS-post,dodb,4,wal_bytes,39692118,39650038.2,410793.9883374634,1.0360494137871055,39057344,40197191
XFS-post,dodb,4,wal_sync_count,1627,1613.4,37.5473034983872,2.327216034361423,1550,1642
XFS-post,dodb,4,wal_sync_total_ms,2642.774551,2616.7501366,46.175881782491814,1.7646270897873777,2545.085912,2654.98774
XFS-post,dodb,4,wal_bytes_per_sync,24540.409645909647,24586.081780629524,622.3058464122365,2.5311306289663795,23786.44579780755,25513.254193548386
XFS-post,dodb,4,wal_sync_mean_ms,1.6243236330669943,1.6221970588721422,0.025215707520343886,1.5544170409158244,1.5808095676004872,1.6429895465838509
XFS-post,dodb,4,transactions_per_sync,34.91941391941392,34.99799316734236,0.8754422327216956,2.501406947923506,33.8721071863581,36.299354838709675
XFS-post,dodb,4,average_group_size,34.919414,34.9979932,0.8754424032397554,2.501407432811763,33.872107,36.299355
XFS-post,dodb,4,groups_per_second,325.0099880143827,322.3963431167245,7.506006236178822,2.3281921139723507,309.7521982414069,328.20307815310815
XFS-post,dodb,4,physical_execution_ms,934.310591,946.8227710000001,52.37776359181125,5.5319501385134355,900.596122,1037.14225
XFS-post,dodb,4,planning_ms,399.738262,397.0348654,7.867513069658165,1.9815673018368036,383.403245,402.317794
XFS-post,dodb,4,validation_ms,89.94432,90.4290658,0.8891173524634955,0.9832207649141672,89.598493,91.567925
XFS-post,dodb,4,publication_ms,4179.306781,4171.7316028000005,15.11788195137968,0.3623886527415329,4146.539473,4182.317784
XFS-post,dodb,4,device_bytes_written,476471296,476506521.6,752164.9788050491,0.15784988131525482,475721728,477473792
XFS-post,dodb,4,device_busy_ms,4988,4975.2,86.73638221646092,1.743374783254159,4864,5072
XFS-post,dodb,4,errors,0,0.0,0.0,0.0,0,0
XFS-post,dodb,8,tx_per_second,8284.415644,8265.269875,187.39344990761373,2.267239336908085,7980.478106,8507.187532
XFS-post,dodb,8,p50_us,8844.956,8809.1152,74.97086781343846,0.8510601361353346,8706.794,8891.396
XFS-post,dodb,8,p95_us,10044.806,10117.7346,211.97040687628999,2.0950382200803133,9916.805,10394.689
XFS-post,dodb,8,p99_us,10800.292,11299.1768,977.8714295385153,8.654359931234241,10683.892,12987.711
XFS-post,dodb,8,cpu_seconds,4.2599698141,4.267720954656,0.05939782476804631,1.3917926077909204,4.17961406844,4.33979578112
XFS-post,dodb,8,wal_bytes,55525801,55361430.6,1267170.9867633493,2.2889057833764674,53422719,56975697
XFS-post,dodb,8,wal_sync_count,1077,1069.2,31.035463586033316,2.9026808441856824,1021,1101
XFS-post,dodb,8,wal_sync_total_ms,1900.384294,1895.6796768,36.14168499550209,1.9065291165916292,1841.360844,1934.169301
XFS-post,dodb,8,wal_bytes_per_sync,52323.91674828599,51794.123160753814,1077.2796012103474,2.0799263226578555,50432.15349682107,52902.22562674095
XFS-post,dodb,8,wal_sync_mean_ms,1.7647689742647057,1.7734671591393418,0.024272448418433984,1.3686438056294952,1.7478322200557104,1.8034876043095005
XFS-post,dodb,8,transactions_per_sync,39.116552399608224,38.71108389225885,0.8124325552615255,2.098707846886172,37.67211625794732,39.559888579387184
XFS-post,dodb,8,average_group_size,39.116552,38.7110838,0.8124327070869907,2.098708244089489,37.672116,39.559889
XFS-post,dodb,8,groups_per_second,215.05591054313098,213.59150396873605,6.169421684335959,2.888420920168713,204.03677058353318,219.93607670795046
XFS-post,dodb,8,physical_execution_ms,1309.880049,1315.3184964,43.94658884079069,3.3411366875073685,1277.031492,1388.838002
XFS-post,dodb,8,planning_ms,543.040122,542.4625978,7.0781608354770205,1.30482006762919,532.985978,550.717197
XFS-post,dodb,8,validation_ms,131.13708,130.4313494,2.77601780951479,2.128336341136397,125.747718,132.939265
XFS-post,dodb,8,publication_ms,3947.089306,3946.0892298,7.6295485891157835,0.1933445531717607,3933.191531,3951.87981
XFS-post,dodb,8,device_bytes_written,492118016,492032000.0,1706836.5696761948,0.3468954396616876,489448448,494235648
XFS-post,dodb,8,device_busy_ms,4088,4067.2,112.61971408239323,2.7689740873916513,3924,4208
XFS-post,dodb,8,errors,0,0.0,0.0,0.0,0,0
XFS-post,dodb,16,tx_per_second,5013.820363,5019.336998000001,69.35927756826416,1.3818414184164358,4941.463203,5113.221253
XFS-post,dodb,16,p50_us,14762.086,14751.2062,212.39165474001135,1.4398256783910413,14469.204,14957.688
XFS-post,dodb,16,p95_us,17422.029,17173.707000000002,460.9602992205512,2.6841048308355973,16577.942,17606.711
XFS-post,dodb,16,p99_us,19009.163,19584.6798,1439.8052801826022,7.351691704362724,18265.277,21527.304
XFS-post,dodb,16,cpu_seconds,4.949065092310001,4.955505001462,0.03267574458620049,0.6593827385213075,4.92995987512,5.00948221821
XFS-post,dodb,16,wal_bytes,65554782,65733612.4,748859.5605708056,1.1392338458654458,64832980,66770913
XFS-post,dodb,16,wal_sync_count,626,624.4,17.096783323186852,2.7381139210741274,599,643
XFS-post,dodb,16,wal_sync_total_ms,1415.855325,1409.0640918,14.597594336320851,1.0359780240849972,1385.994622,1422.586323
XFS-post,dodb,16,wal_bytes_per_sync,104720.09904153354,105356.93655117357,3841.705828149002,3.6463719940101176,101637.20373250388,110445.183639399
XFS-post,dodb,16,wal_sync_mean_ms,2.2427097443365698,2.257715077489156,0.05136283776443227,2.274992016333335,2.2124204090202175,2.3436258831385643
XFS-post,dodb,16,transactions_per_sync,40.14217252396166,40.30297693500978,1.565575324041825,3.8845153462643225,38.72317262830482,42.29048414023372
XFS-post,dodb,16,average_group_size,40.142173,40.302977,1.5655751387258603,3.8845148801932434,38.723173,42.290484
XFS-post,dodb,16,groups_per_second,124.92516463779684,124.65476062797293,3.3738819069497388,2.7065808718039674,119.68031968031968,128.29209896249003
XFS-post,dodb,16,physical_execution_ms,1534.003971,1534.5953908,7.194516876859258,0.46882174415424804,1528.286565,1546.43508
XFS-post,dodb,16,planning_ms,664.049834,663.6068316,4.04744338171746,0.6099158702086906,659.169545,669.347245
XFS-post,dodb,16,validation_ms,170.856072,170.77307539999998,1.5486090673768516,0.9068227317155007,168.284516,172.218922
XFS-post,dodb,16,publication_ms,3761.913796,3757.5630554000004,13.393044316579713,0.3564289971749788,3743.589519,3773.311598
XFS-post,dodb,16,device_bytes_written,501739520,502229708.8,1419358.8239607348,0.28261148217457555,500664832,504441856
XFS-post,dodb,16,device_busy_ms,3432,3424.8,63.64903769893147,1.8584745882659273,3336,3500
XFS-post,dodb,16,errors,0,0.0,0.0,0.0,0,0
