variant,engine,collection_policy,clients,read_percent,write_percent,working_set,transaction_width,distribution,key_size,value_size,value_mode,sync_contract,warmup_ms,duration_ms,git_commit,repetitions,seeds,trace_hashes,aggregate_ops_per_second_median,aggregate_ops_per_second_min,aggregate_ops_per_second_max,read_ops_per_second_median,read_ops_per_second_min,read_ops_per_second_max,write_tx_per_second_median,write_tx_per_second_min,write_tx_per_second_max,read_p50_us_median,read_p50_us_min,read_p50_us_max,read_p95_us_median,read_p95_us_min,read_p95_us_max,read_p99_us_median,read_p99_us_min,read_p99_us_max,write_p50_us_median,write_p50_us_min,write_p50_us_max,write_p95_us_median,write_p95_us_min,write_p95_us_max,write_p99_us_median,write_p99_us_min,write_p99_us_max,successful_read_percent_median,successful_read_percent_min,successful_read_percent_max,successful_write_percent_median,successful_write_percent_min,successful_write_percent_max,errors_median,errors_min,errors_max,conflicts_median,conflicts_min,conflicts_max,overloads_median,overloads_min,overloads_max,cpu_utilization_percent_one_core_median,cpu_utilization_percent_one_core_min,cpu_utilization_percent_one_core_max,cpu_seconds_median,cpu_seconds_min,cpu_seconds_max,rss_end_kib_median,rss_end_kib_min,rss_end_kib_max,rss_hwm_kib_median,rss_hwm_kib_min,rss_hwm_kib_max,avg_transactions_per_group_median,avg_transactions_per_group_min,avg_transactions_per_group_max,avg_transactions_per_wal_sync_median,avg_transactions_per_wal_sync_min,avg_transactions_per_wal_sync_max,wal_syncs_delta_median,wal_syncs_delta_min,wal_syncs_delta_max,wal_bytes_delta_median,wal_bytes_delta_min,wal_bytes_delta_max,wal_bytes_per_sync_median,wal_bytes_per_sync_min,wal_bytes_per_sync_max,wal_sync_nanos_total_median,wal_sync_nanos_total_min,wal_sync_nanos_total_max,wal_sync_average_us_median,wal_sync_average_us_min,wal_sync_average_us_max,page_images_delta_median,page_images_delta_min,page_images_delta_max,wal_page_image_records_delta_median,wal_page_image_records_delta_min,wal_page_image_records_delta_max,wal_page_delta_spans_delta_median,wal_page_delta_spans_delta_min,wal_page_delta_spans_delta_max,wal_page_delta_changed_bytes_delta_median,wal_page_delta_changed_bytes_delta_min,wal_page_delta_changed_bytes_delta_max,superblock_images_emitted_median,superblock_images_emitted_min,superblock_images_emitted_max,superblock_images_elided_median,superblock_images_elided_min,superblock_images_elided_max,physical_execution_nanos_median,physical_execution_nanos_min,physical_execution_nanos_max,planning_nanos_median,planning_nanos_min,planning_nanos_max,mutations_planned_median,mutations_planned_min,mutations_planned_max,coalesced_mutations_median,coalesced_mutations_min,coalesced_mutations_max,parallel_workers_median,parallel_workers_min,parallel_workers_max,blink_workers_median,blink_workers_min,blink_workers_max,parallel_worker_dispatches_delta_median,parallel_worker_dispatches_delta_min,parallel_worker_dispatches_delta_max,parallel_worker_nanos_total_median,parallel_worker_nanos_total_min,parallel_worker_nanos_total_max,paired_aggregate_ops_per_second_ratio_median,paired_aggregate_ops_per_second_ratio_min,paired_aggregate_ops_per_second_ratio_max,paired_read_ops_per_second_ratio_median,paired_read_ops_per_second_ratio_min,paired_read_ops_per_second_ratio_max,paired_write_tx_per_second_ratio_median,paired_write_tx_per_second_ratio_min,paired_write_tx_per_second_ratio_max
main-btree,main-btree,native-main,4,50,50,10000,1,uniform,16,512,changing,durable-return,2000,5000,d01da7ab3d5f6d5998c792cfff7539d977dab231,3,983590950;983590951;983590952,3bf0cbd390d4fbe7;a451bed7767f9d38;b441d599ff84fe8b,4377.521239,4312.861397,4513.815549,2189.060491,2159.329798,2257.007642,2188.460748,2153.531598,2256.807907,2.8,2.76,2.8,4.4,4.36,4.48,8.76,8.72,8.92,1689.014,1647.454,1719.134,2816.745,2719.743,2822.224,3614.551,3340.469,3630.471,50.00685,50.002212,50.06722,49.99315,49.93278,49.997788,0.0,0.0,0.0,0.0,0.0,0.0,0.0,0.0,0.0,19.793856,19.791506,20.572725,,,,,,,,,,3.787889,3.77893,3.800635,3.787889,3.77893,3.800635,2890.0,2834.0,2990.0,91735860.0,90260980.0,94685620.0,31742.512110726642,31667.43143812709,31849.322512350034,4280402840.0,4259177691.0,4284347448.0,1481.108249134948,1424.4741441471572,1511.7669188426253,21894.0,21542.0,22598.0,21894.0,21542.0,22598.0,0.0,0.0,0.0,0.0,0.0,0.0,0.0,0.0,0.0,0.0,0.0,0.0,0.0,0.0,0.0,0.0,0.0,0.0,0.0,0.0,0.0,0.0,0.0,0.0,0.0,0.0,0.0,2.0,2.0,2.0,0.0,0.0,0.0,0.0,0.0,0.0,1.0,1.0,1.0,1.0,1.0,1.0,1.0,1.0,1.0
parallel-blink-current,parallel-blink,current,4,50,50,10000,1,uniform,16,512,changing,durable-return,2000,5000,d01da7ab3d5f6d5998c792cfff7539d977dab231,3,983590950;983590951;983590952,3bf0cbd390d4fbe7;a451bed7767f9d38;b441d599ff84fe8b,3412.792402,3316.456327,3692.941982,1709.295005,1659.527794,1849.370003,1703.497397,1656.928533,1843.571978,2.44,2.44,2.52,3.76,3.72,3.88,8.6,7.92,9.16,2446.101,2304.74,2604.703,3111.867,2889.865,3117.947,3514.03,3492.79,3725.272,50.078501,50.039187,50.084939,49.921499,49.915061,49.960813,0.0,0.0,0.0,0.0,0.0,0.0,0.0,0.0,0.0,15.993404,15.594688,15.995449,,,,,,,,,,1.579425,1.558586,1.63667,1.579425,1.558586,1.63667,5395.0,5317.0,5634.0,5715412.0,5559531.0,6184152.0,1059.390546802595,1045.6142561594884,1097.6485623003196,4481259554.0,4463411048.0,4481905587.0,830.6319840593142,795.510398828541,839.4604190332894,0.0,0.0,0.0,0.0,0.0,0.0,34084.0,33148.0,36884.0,4403178.0,4283333.0,4764118.0,0.0,0.0,0.0,8521.0,8287.0,9221.0,141338030.0,140409176.0,157672927.0,37632156.0,37321336.0,37768713.0,8521.0,8287.0,9221.0,0.0,0.0,1.0,0.0,0.0,0.0,2.0,2.0,2.0,5540.0,5428.0,5848.0,61374073.0,61296515.0,62161668.0,0.7796175542439213,0.7347345701209999,0.8562626159442054,0.7808349801330363,0.7352778799319635,0.8564555561234375,0.7783997947218381,0.7341912122253124,0.8560691562232652
parallel-blink-main-parity,parallel-blink,main-parity,4,50,50,10000,1,uniform,16,512,changing,durable-return,2000,5000,d01da7ab3d5f6d5998c792cfff7539d977dab231,3,983590950;983590951;983590952,3bf0cbd390d4fbe7;a451bed7767f9d38;b441d599ff84fe8b,7914.859368,7634.675159,7998.324848,3959.329362,3819.037151,4000.35656,3955.530006,3815.638008,3997.968288,2.64,2.6,2.64,4.08,4.08,4.2,7.64,7.52,8.44,962.209,946.528,1011.889,1297.011,1296.451,1301.691,1953.537,1909.657,1963.737,50.022261,50.01493,50.024001,49.977739,49.975999,49.98507,0.0,0.0,0.0,0.0,0.0,0.0,0.0,0.0,0.0,21.994455,21.796308,22.091521,,,,,,,,,,3.903118,3.902856,3.917676,3.903118,3.902856,3.917676,5068.0,4871.0,5147.0,13240635.0,12773534.0,13445643.0,2612.5956985003945,2612.3262094423935,2622.3637856702935,4211547657.0,4208031475.0,4214137104.0,830.314024269929,818.7559945599379,864.6166407308561,0.0,0.0,0.0,0.0,0.0,0.0,79124.0,76332.0,80352.0,10194361.0,9834752.0,10352091.0,0.0,0.0,0.0,19781.0,19083.0,20088.0,237430680.0,226670987.0,244119015.0,59143901.0,59024675.0,60621870.0,19781.0,19083.0,20088.0,0.0,0.0,0.0,0.0,0.0,0.0,2.0,2.0,2.0,10020.0,9652.0,10180.0,177388600.0,169795460.0,183826439.0,1.8080687530388933,1.6914016702989563,1.8545286091418534,1.8086888773874452,1.6920798494132878,1.852591745691271,1.8074484587465858,1.690723431163519,1.8564706882931001
rocksdb,rocksdb,not-applicable,4,50,50,10000,1,uniform,16,512,changing,durable-return,2000,5000,d01da7ab3d5f6d5998c792cfff7539d977dab231,3,983590950;983590951;983590952,3bf0cbd390d4fbe7;a451bed7767f9d38;b441d599ff84fe8b,5591.398130090217,5531.372581939403,5612.12350942525,2799.3982699017643,2769.6858373051605,2809.1608289367186,5591.398130090217,5531.372581939403,5612.12350942525,3.4,3.36,3.5999999999999996,6.44,6.319999999999999,6.6000000000000005,14.52,14.16,14.76,1606.454,1604.213,1608.2939999999999,2009.537,2000.417,2028.1779999999999,2329.6200000000003,2327.7400000000002,2423.781,50.06615885276973,50.05522106238199,50.07230657989877,49.93384114723027,49.92769342010123,49.94477893761801,0.0,0.0,0.0,0.0,0.0,0.0,,,,17.19486343690803,16.99807192569954,17.19630365796798,0.86,0.85,0.86,40524.0,40516.0,40576.0,40524.0,40516.0,40576.0,,,,,,,,,,,,,,,,,,,,,,,,,,,,,,,,,,,,,,,,,,,,,,,,,,,,,,,,,,,,,,,,1.2635855498905562,1.2387298659842108,1.3012529253383864,1.2652395165379466,1.2403140413920513,1.3009410751144177,2.52751738270583,2.4775693636783314,2.6060093637062343
main-btree,main-btree,native-main,4,50,50,10000,1,uniform,16,512,constant,durable-return,2000,5000,d01da7ab3d5f6d5998c792cfff7539d977dab231,3,983590950;983590951;983590952,2d4275cabd4385ac;04a25308258d62e1;43c28ba64b0fde43,4383.430386,4376.938167,4412.166404,2194.214298,2189.168818,2209.282163,2189.216088,2187.769349,2202.884241,2.76,2.72,2.8,4.4,4.24,4.44,8.72,8.56,8.8,1681.415,1663.654,1696.255,2721.744,2701.023,2756.183,3427.87,3329.869,3510.99,50.057013,50.015987,50.072503,49.942987,49.927497,49.984013,0.0,0.0,0.0,0.0,0.0,0.0,0.0,0.0,0.0,19.392637,19.193764,19.792913,,,,,,,,,,3.811347,3.803615,3.820388,3.811347,3.803615,3.820388,2877.0,2873.0,2884.0,91761000.0,91702340.0,92330840.0,31939.08806126001,31874.292665971498,32014.85436893204,4298910042.0,4286709572.0,4307341028.0,1493.5301761442443,1492.0673762617473,1494.233591240876,21900.0,21886.0,22036.0,21900.0,21886.0,22036.0,0.0,0.0,0.0,0.0,0.0,0.0,0.0,0.0,0.0,0.0,0.0,0.0,0.0,0.0,0.0,0.0,0.0,0.0,0.0,0.0,0.0,0.0,0.0,0.0,0.0,0.0,0.0,2.0,2.0,2.0,0.0,0.0,0.0,0.0,0.0,0.0,1.0,1.0,1.0,1.0,1.0,1.0,1.0,1.0,1.0
parallel-blink-current,parallel-blink,current,4,50,50,10000,1,uniform,16,512,constant,durable-return,2000,5000,d01da7ab3d5f6d5998c792cfff7539d977dab231,3,983590950;983590951;983590952,2d4275cabd4385ac;04a25308258d62e1;43c28ba64b0fde43,3697.040346,3312.56818,3777.770125,1849.419891,1659.583262,1889.484899,1847.620455,1652.984919,1888.285226,2.48,2.44,2.6,3.8,3.8,4.04,8.84,8.04,9.24,2339.26,2286.579,2596.703,2855.944,2834.104,3146.307,3204.028,3151.427,3578.191,50.024336,50.015878,50.099596,49.975664,49.900404,49.984122,0.0,0.0,0.0,0.0,0.0,0.0,0.0,0.0,0.0,15.596084,15.195234,15.995639,,,,,,,,,,1.593825,1.592564,1.640723,1.593825,1.592564,1.640723,5756.0,5191.0,5798.0,3627907.0,3366198.0,3737347.0,648.4681178963591,625.7169713694377,649.2958651841557,4477920111.0,4469244518.0,4509888323.0,777.9569338082002,777.8351712659538,860.9602230784049,0.0,0.0,0.0,0.0,0.0,0.0,31925.0,28794.0,32684.0,2224949.0,2110176.0,2303339.0,0.0,0.0,0.0,9241.0,8267.0,9444.0,146078149.0,139372003.0,157460318.0,38171143.0,36941615.0,39742306.0,9241.0,8267.0,9444.0,0.0,0.0,2.0,0.0,0.0,0.0,2.0,2.0,2.0,5968.0,5368.0,5972.0,61966692.0,55097168.0,63590740.0,0.8379195178695714,0.7557022442012155,0.863107949178392,0.8371134850827111,0.7563451133796232,0.8631060717949619,0.8387278916486651,0.7550579077418145,0.8631098277627437
parallel-blink-main-parity,parallel-blink,main-parity,4,50,50,10000,1,uniform,16,512,constant,durable-return,2000,5000,d01da7ab3d5f6d5998c792cfff7539d977dab231,3,983590950;983590951;983590952,2d4275cabd4385ac;04a25308258d62e1;43c28ba64b0fde43,8227.012599,8117.028043,8324.479911,4118.081946,4059.213886,4166.136342,4108.930653,4057.814157,4158.343569,2.6,2.52,2.6,4.16,4.04,4.16,8.4,7.88,8.521,920.808,911.768,940.848,1234.77,1212.69,1255.011,1855.616,1849.056,1858.336,50.046806,50.008622,50.055617,49.953194,49.944383,49.991378,0.0,0.0,0.0,0.0,0.0,0.0,0.0,0.0,0.0,21.195895,20.980543,21.684586,,,,,,,,,,3.900843,3.894042,3.910019,3.900843,3.894042,3.910019,5304.0,5190.0,5335.0,5287540.0,5287217.0,5323287.0,997.8044985941893,996.8966817496229,1018.7315992292871,4234656608.0,4234354371.0,4241537425.0,798.3322720588235,795.0398172446111,815.9261287090559,0.0,0.0,0.0,0.0,0.0,0.0,65876.0,64904.0,66368.0,2185897.0,2173784.0,2227167.0,0.0,0.0,0.0,20654.0,20293.0,20811.0,242694223.0,231699779.0,251172395.0,61421901.0,60474033.0,61956669.0,20654.0,20293.0,20811.0,0.0,0.0,0.0,0.0,0.0,0.0,2.0,2.0,2.0,10484.0,10272.0,10562.0,169777093.0,167493884.0,172405786.0,1.8646197458784695,1.8517524696923522,1.9018957073148892,1.8639909446460328,1.8499623713599556,1.9030676427257607,1.8652503733626737,1.8535466550070407,1.90072302224214
rocksdb,rocksdb,not-applicable,4,50,50,10000,1,uniform,16,512,constant,durable-return,2000,5000,d01da7ab3d5f6d5998c792cfff7539d977dab231,3,983590950;983590951;983590952,2d4275cabd4385ac;04a25308258d62e1;43c28ba64b0fde43,5498.707267520682,5155.211229342009,5594.602055215024,2749.853607143458,2579.105094377038,2799.20048507953,5498.707267520682,5155.211229342009,5594.602055215024,2.96,2.88,2.96,5.800000000000001,5.68,5.800000000000001,13.28,13.24,13.360000000000001,1647.7740000000001,1612.414,1651.935,2029.1779999999999,2011.497,2215.739,2314.0190000000002,2294.739,4834.960999999999,50.02908667830134,50.00909256228405,50.033951610021084,49.97091332169866,49.966048389978916,49.99090743771595,0.0,0.0,0.0,0.0,0.0,0.0,,,,16.399126966237347,15.794519570215968,16.595260018685785,0.82,0.79,0.83,40576.0,40080.0,40644.0,40576.0,40080.0,40644.0,,,,,,,,,,,,,,,,,,,,,,,,,,,,,,,,,,,,,,,,,,,,,,,,,,,,,,,,,,,,,,,,1.256290826536751,1.1760677769189531,1.2679943463018637,1.2561176573196822,1.175411670923784,1.2670180984390313,2.5133852752960757,2.354820639954117,2.539671377682266
main-btree,main-btree,native-main,64,50,50,10000,1,uniform,16,512,changing,durable-return,2000,5000,d01da7ab3d5f6d5998c792cfff7539d977dab231,3,1044130950;1044130951;1044130952,df8e3f3f483eca44;8debdaefeb246b5d;599777c341675db1,15337.256416,15334.773924,15650.017124,7672.42446,7667.386962,7829.202778,7667.386962,7664.831956,7820.814346,2.52,2.44,2.52,3.92,3.76,3.96,7.6,7.28,7.68,7527.544,7513.065,7571.345,13278.474,12300.026,13567.596,17105.347,15973.337,17673.912,50.024752,50.0,50.0268,49.975248,49.9732,50.0,0.0,0.0,0.0,0.0,0.0,0.0,0.0,0.0,0.0,41.585828,40.943535,41.758769,,,,,,,,,,57.600601,56.730769,57.755162,57.600601,56.730769,57.755162,676.0,666.0,678.0,321473560.0,321373000.0,328144040.0,482693.033033033,475403.8461538461,483988.2595870207,3397572396.0,3381835985.0,3432628802.0,5062.874339233038,5025.994668639054,5077.831809309309,76724.0,76700.0,78316.0,76724.0,76700.0,78316.0,0.0,0.0,0.0,0.0,0.0,0.0,0.0,0.0,0.0,0.0,0.0,0.0,0.0,0.0,0.0,0.0,0.0,0.0,0.0,0.0,0.0,0.0,0.0,0.0,0.0,0.0,0.0,2.0,2.0,2.0,0.0,0.0,0.0,0.0,0.0,0.0,1.0,1.0,1.0,1.0,1.0,1.0,1.0,1.0,1.0
parallel-blink-current,parallel-blink,current,64,50,50,10000,1,uniform,16,512,changing,durable-return,2000,5000,d01da7ab3d5f6d5998c792cfff7539d977dab231,3,1044130950;1044130951;1044130952,df8e3f3f483eca44;8debdaefeb246b5d;599777c341675db1,38953.522348,38470.359261,38987.216341,19477.559844,19235.778565,19494.007638,19475.962504,19234.580696,19493.208703,1.96,1.88,2.0,2.84,2.76,2.88,6.04,6.0,6.2,3112.387,3095.866,3152.267,4724.241,4631.24,4734.48,6143.613,5927.131,6342.854,50.001557,50.001025,50.00205,49.998443,49.99795,49.998975,0.0,0.0,0.0,0.0,0.0,0.0,0.0,0.0,0.0,46.123181,45.519019,46.138481,,,,,,,,,,32.72837,32.721234,32.825894,32.72837,32.721234,32.825894,2981.0,2935.0,2982.0,65215805.0,64415293.0,65252198.0,21882.024815560027,21877.156994297216,21947.28892674617,3465313579.0,3436168694.0,3469236703.0,1162.4668161690709,1152.3033849765259,1182.022726746167,0.0,0.0,0.0,0.0,0.0,0.0,390168.0,385376.0,390384.0,50194337.0,49578317.0,50222414.0,0.0,0.0,0.0,97542.0,96344.0,97596.0,564711790.0,554817315.0,581306756.0,181975301.0,178898028.0,186551574.0,97542.0,96344.0,97596.0,0.0,0.0,0.0,0.0,0.0,0.0,2.0,2.0,2.0,5936.0,5848.0,5948.0,592692111.0,590623604.0,598046217.0,2.5397972943428946,2.4581672311402127,2.542405680985115,2.5386447198725497,2.4569268558291006,2.542457780546801,2.5409510105116255,2.459408936850372,2.5423535814234284
parallel-blink-main-parity,parallel-blink,main-parity,64,50,50,10000,1,uniform,16,512,changing,durable-return,2000,5000,d01da7ab3d5f6d5998c792cfff7539d977dab231,3,1044130950;1044130951;1044130952,df8e3f3f483eca44;8debdaefeb246b5d;599777c341675db1,40593.44353,40391.422736,41066.055103,20301.417467,20195.811248,20534.026288,20292.026063,20195.611489,20532.028815,2.36,2.36,2.4,3.44,3.44,3.48,6.8,6.72,6.8,2974.506,2964.905,2984.305,4644.12,4622.24,4651.96,5659.929,5569.568,5675.649,50.002432,50.000247,50.011568,49.997568,49.988432,49.999753,0.0,0.0,0.0,0.0,0.0,0.0,0.0,0.0,0.0,48.741139,48.555556,48.938098,,,,,,,,,,56.860582,56.385945,56.978936,56.860582,56.385945,56.978936,1793.0,1786.0,1804.0,67898429.0,67595702.0,68726174.0,38017.03751399776,37699.77802565532,38096.54878048781,3326750376.0,3325473429.0,3334260642.0,1859.5987964305634,1843.388818736142,1862.6821814109744,0.0,0.0,0.0,0.0,0.0,0.0,406212.0,404400.0,411160.0,52259267.0,52026302.0,52896514.0,0.0,0.0,0.0,101553.0,101100.0,102790.0,488641785.0,486273778.0,499307055.0,174715263.0,173310886.0,176055095.0,101553.0,101100.0,102790.0,0.0,0.0,0.0,0.0,0.0,0.0,2.0,2.0,2.0,3584.0,3570.0,3608.0,610467748.0,609792399.0,623652268.0,2.6339757557680445,2.593827419380145,2.6775359287961975,2.633988782370262,2.593037636481562,2.676341278438602,2.6339627292962495,2.5946180493823476,2.6787317625310245
rocksdb,rocksdb,not-applicable,64,50,50,10000,1,uniform,16,512,changing,durable-return,2000,5000,d01da7ab3d5f6d5998c792cfff7539d977dab231,3,1044130950;1044130951;1044130952,df8e3f3f483eca44;8debdaefeb246b5d;599777c341675db1,38122.500455662506,37814.33344592873,38193.960332160656,19061.55009490144,18911.16485506903,19101.27820356203,38122.500455662506,37814.33344592873,38193.960332160656,3.6799999999999997,3.6799999999999997,3.76,9.16,8.68,9.36,30.2,24.0,32.921,3149.107,3103.106,3155.867,5299.845,5192.565,5345.846,6676.418,6198.093,6812.179,50.010573059843516,50.00078658814769,50.011253186221914,49.989426940156484,49.988746813778086,49.99921341185231,0.0,0.0,0.0,0.0,0.0,0.0,,,,70.56777818793717,70.5670316473506,71.16845132443537,3.53,3.53,3.56,91896.0,90440.0,92068.0,111772.0,111336.0,112596.0,,,,,,,,,,,,,,,,,,,,,,,,,,,,,,,,,,,,,,,,,,,,,,,,,,,,,,,,,,,,,,,,2.485614077358235,2.4162486945741906,2.4906764534940042,2.4844232998680367,2.415464944682396,2.4912370144129983,4.973690313695705,4.835089003905211,4.9813529069880085
main-btree,main-btree,native-main,64,50,50,10000,1,uniform,16,512,constant,durable-return,2000,5000,d01da7ab3d5f6d5998c792cfff7539d977dab231,3,1044130950;1044130951;1044130952,a36cd8295f374f56;8f9ad215abec417a;08142cebb95190b9,15239.630646,15004.992473,15363.248416,7624.106378,7505.094538,7686.016217,7615.524268,7499.897935,7677.232199,2.52,2.48,2.6,4.0,3.88,4.04,7.64,7.48,7.84,7549.545,7534.825,7564.985,13525.277,13178.033,14473.524,18464.558,17830.793,18519.439,50.028157,50.017316,50.028588,49.971843,49.971412,49.982684,0.0,0.0,0.0,0.0,0.0,0.0,0.0,0.0,0.0,40.973219,40.326631,42.112211,,,,,,,,,,57.22619,56.113235,57.464012,57.22619,56.113235,57.464012,672.0,653.0,680.0,319755660.0,314451120.0,322261280.0,479555.4761904762,470228.9117647059,481548.4226646248,3421860713.0,3374744861.0,3436073748.0,5092.054632440476,4962.860089705882,5261.981237366003,76314.0,75048.0,76912.0,76314.0,75048.0,76912.0,0.0,0.0,0.0,0.0,0.0,0.0,0.0,0.0,0.0,0.0,0.0,0.0,0.0,0.0,0.0,0.0,0.0,0.0,0.0,0.0,0.0,0.0,0.0,0.0,0.0,0.0,0.0,2.0,2.0,2.0,0.0,0.0,0.0,0.0,0.0,0.0,1.0,1.0,1.0,1.0,1.0,1.0,1.0,1.0,1.0
parallel-blink-current,parallel-blink,current,64,50,50,10000,1,uniform,16,512,constant,durable-return,2000,5000,d01da7ab3d5f6d5998c792cfff7539d977dab231,3,1044130950;1044130951;1044130952,a36cd8295f374f56;8f9ad215abec417a;08142cebb95190b9,46555.683331,45458.378129,46795.617209,23281.537147,22729.388796,23398.108196,23274.146183,22728.989334,23397.509013,1.88,1.8,1.96,2.72,2.6,2.8,5.56,5.52,5.68,2772.624,2763.224,2820.104,3217.828,3157.987,3225.588,5282.965,5263.486,5326.205,50.00064,50.000439,50.007938,49.99936,49.992062,49.999561,0.0,0.0,0.0,0.0,0.0,0.0,0.0,0.0,0.0,48.933304,48.540657,48.934097,,,,,,,,,,34.050868,33.91936,34.353959,34.050868,33.91936,34.353959,3410.0,3342.0,3435.0,18499210.0,18078734.0,18608373.0,5409.555356074207,5385.505094614265,5457.000879765396,3326598376.0,3316191813.0,3336179378.0,972.4902677419354,971.2312599708879,995.3914949132256,0.0,0.0,0.0,0.0,0.0,0.0,349633.0,341509.0,351552.0,1021884.0,1008574.0,1035879.0,0.0,0.0,0.0,116513.0,113798.0,117147.0,591486310.0,586880259.0,598418790.0,208938903.0,207878643.0,214098138.0,116513.0,113798.0,117147.0,0.0,0.0,0.0,0.0,0.0,0.0,2.0,2.0,2.0,6812.0,6666.0,6860.0,608831851.0,601782493.0,613983477.0,3.03032809666182,3.0295502120909323,3.07065297683462,3.0290772865539477,3.0285279793500184,3.068964024887849,3.0315803377721964,3.030573153259852,3.072343832100306
parallel-blink-main-parity,parallel-blink,main-parity,64,50,50,10000,1,uniform,16,512,constant,durable-return,2000,5000,d01da7ab3d5f6d5998c792cfff7539d977dab231,3,1044130950;1044130951;1044130952,a36cd8295f374f56;8f9ad215abec417a;08142cebb95190b9,62722.856164,61815.587496,63035.295216,31363.625533,30908.390627,31522.14221,31359.230631,30907.196869,31513.153006,2.24,2.24,2.32,3.28,3.24,3.32,6.16,6.08,6.32,1894.656,1865.216,1897.617,3232.428,3203.868,3243.948,3767.232,3711.192,4015.675,50.003503,50.000966,50.00713,49.996497,49.99287,49.999034,0.0,0.0,0.0,0.0,0.0,0.0,0.0,0.0,0.0,62.325148,61.677509,62.527483,,,,,,,,,,58.421963,58.126382,58.573881,58.421963,58.126382,58.573881,2680.0,2659.0,2714.0,24876781.0,24608672.0,24988091.0,9254.859721699888,9207.107958732498,9282.380970149254,2767085226.0,2756371357.0,2775813294.0,1035.7512291044775,1019.5597737656595,1036.6195400526515,0.0,0.0,0.0,0.0,0.0,0.0,470969.0,466058.0,473290.0,1324741.0,1306968.0,1329941.0,0.0,0.0,0.0,156978.0,155344.0,157755.0,656577658.0,642040660.0,665635363.0,247572353.0,243569032.0,262178999.0,156978.0,155344.0,157755.0,0.0,0.0,0.0,0.0,0.0,0.0,2.0,2.0,2.0,5360.0,5316.0,5428.0,805487049.0,797463479.0,814548958.0,4.136274472803256,4.0236013779235895,4.180132464369014,4.1345359898124965,4.021379835061568,4.178978076052051,4.138014914930608,4.025825462596511,4.1812876525499005
rocksdb,rocksdb,not-applicable,64,50,50,10000,1,uniform,16,512,constant,durable-return,2000,5000,d01da7ab3d5f6d5998c792cfff7539d977dab231,3,1044130950;1044130951;1044130952,a36cd8295f374f56;8f9ad215abec417a;08142cebb95190b9,37974.299928074804,37863.17060733542,38884.80437931535,18989.148821808118,18934.18450534215,19443.301879718947,37974.299928074804,37863.17060733542,38884.80437931535,3.28,3.1999999999999997,3.36,8.440000000000001,8.36,8.719999999999999,30.0,26.361,30.041,3135.027,3123.2270000000003,3137.587,5176.165,4959.0019999999995,5199.845,7163.222000000001,6033.491999999999,7320.6230000000005,50.00526371196968,50.0023137317408,50.00686472271801,49.99473628803032,49.99313527728199,49.9976862682592,0.0,0.0,0.0,0.0,0.0,0.0,,,,68.97623803087956,68.17905930645907,69.56025042093921,3.45,3.41,3.48,91096.0,90180.0,92360.0,113820.0,110832.0,114264.0,,,,,,,,,,,,,,,,,,,,,,,,,,,,,,,,,,,,,,,,,,,,,,,,,,,,,,,,,,,,,,,,2.4918123549170175,2.4645289578148692,2.5914577730901702,2.490672070972528,2.4634588284452676,2.59068047461269,4.986432790666909,4.931877742641065,5.184711140914393
