record_type,interpretation_scope,mode,payload_bytes,iterations,warmup_iterations,repetition,seed,case_seed,ring_bytes,ring_prefill_bytes,initial_size_bytes,final_size_bytes,measured_payload_bytes,data_path,write_timer_contract,sync_timer_contract,cycle_timer_contract,payload_generated_before_timing,payload_sha256,write_ns_count,write_ns_sum,write_ns_mean,write_ns_p50,write_ns_p95,write_ns_p99,sync_ns_count,sync_ns_sum,sync_ns_mean,sync_ns_p50,sync_ns_p95,sync_ns_p99,cycle_ns_count,cycle_ns_sum,cycle_ns_mean,cycle_ns_p50,cycle_ns_p95,cycle_ns_p99
wal_sync_payload_storage_io_diagnostic,storage IO diagnostic; does not prove engine or WAL architecture behavior,append,2676,100,20,0,979000000,979039726,,0,53520,321120,267600,/bench/zfs/db/wal-sync-payload-data-d01da7ab/wal-sync-append-payload-2676-rep-0.bin,fstat plus full pwrite loop,fdatasync,write timer plus fdatasync,True,27de819e37ede0f3aa762ee0feb59ab7b4aece2e05146659fba480489afb0218,100,2545338,25453.38,22720,40160,47921,100,72928751,729287.51,715686,877608,1008288,100,75499889,754998.89,744606,914808,1027769
wal_sync_payload_storage_io_diagnostic,storage IO diagnostic; does not prove engine or WAL architecture behavior,append,10704,100,20,0,979000000,979031626,,0,214080,1284480,1070400,/bench/zfs/db/wal-sync-payload-data-d01da7ab/wal-sync-append-payload-10704-rep-0.bin,fstat plus full pwrite loop,fdatasync,write timer plus fdatasync,True,c67eb9a59ff59ef41dbe2d9b7716da37d562d30a855585da60c71f6ac750bacf,100,4542229,45422.29,44520,51160,67321,100,83638527,836385.27,822647,1006329,1147890,100,88206316,882063.16,869288,1052209,1189170
wal_sync_payload_storage_io_diagnostic,storage IO diagnostic; does not prove engine or WAL architecture behavior,append,42816,100,20,0,979000000,978999514,,0,856320,5137920,4281600,/bench/zfs/db/wal-sync-payload-data-d01da7ab/wal-sync-append-payload-42816-rep-0.bin,fstat plus full pwrite loop,fdatasync,write timer plus fdatasync,True,3cea3e8c79571f8f9c15ce055521cbdf0665a7d5d4a2b730171690ba48356180,100,8350600,83506.0,83321,103961,114841,100,205527799,2055277.99,2040697,2359500,2442461,100,213906239,2139062.39,2117898,2438661,2531062
wal_sync_payload_storage_io_diagnostic,storage IO diagnostic; does not prove engine or WAL architecture behavior,append,33520,100,20,0,979000000,979008874,,0,670400,4022400,3352000,/bench/zfs/db/wal-sync-payload-data-d01da7ab/wal-sync-append-payload-33520-rep-0.bin,fstat plus full pwrite loop,fdatasync,write timer plus fdatasync,True,164ceea849a0624908ead688b45935f31b6b58cc8dc847fe2586cd7b655d7a68,100,6899580,68995.8,68400,80920,85241,100,151409542,1514095.42,1415132,2128738,2363021,100,158335202,1583352.02,1484893,2196338,2465662
wal_sync_payload_storage_io_diagnostic,storage IO diagnostic; does not prove engine or WAL architecture behavior,append,134080,100,20,0,979000000,978908250,,0,2681600,16089600,13408000,/bench/zfs/db/wal-sync-payload-data-d01da7ab/wal-sync-append-payload-134080-rep-0.bin,fstat plus full pwrite loop,fdatasync,write timer plus fdatasync,True,f1ebfa05b9c7e1e22f71e383b2fe785924cdd8ddec4083189b70c52391ce78be,100,16648219,166482.19,165122,185882,191321,100,286716345,2867163.45,2856505,3201948,3346189,100,303392484,3033924.84,3023986,3371509,3509350
wal_sync_payload_storage_io_diagnostic,storage IO diagnostic; does not prove engine or WAL architecture behavior,append,536320,100,20,0,979000000,978505882,,0,10726400,64358400,53632000,/bench/zfs/db/wal-sync-payload-data-d01da7ab/wal-sync-append-payload-536320-rep-0.bin,fstat plus full pwrite loop,fdatasync,write timer plus fdatasync,True,4dbe2a8a9291e4de0af3e9f4b4c30cf045fe8a6fb73971039bbe42747f3232d5,100,52815692,528156.92,524885,577965,603165,100,544387757,5443877.57,5183764,7858948,10643492,100,597232929,5972329.29,5693249,8371192,11177936
wal_sync_payload_storage_io_diagnostic,storage IO diagnostic; does not prove engine or WAL architecture behavior,ring,10704,100,20,0,979000000,978987445,67108864,67108864,67108864,67108864,1070400,/bench/zfs/db/wal-sync-payload-data-d01da7ab/wal-sync-ring-payload-10704-rep-0.bin,fstat plus full pwrite loop,fdatasync,write timer plus fdatasync,True,76366e0901f7036030fc92e2ca8d94b473735c67ef61ac9574e9f7cda86cbf44,100,2572225,25722.25,25200,29720,40480,100,75964409,759644.09,741606,896288,976648,100,78560954,785609.54,768246,919608,1005688
wal_sync_payload_storage_io_diagnostic,storage IO diagnostic; does not prove engine or WAL architecture behavior,ring,42816,100,20,0,979000000,979019557,67108864,67108864,67108864,67108864,4281600,/bench/zfs/db/wal-sync-payload-data-d01da7ab/wal-sync-ring-payload-42816-rep-0.bin,fstat plus full pwrite loop,fdatasync,write timer plus fdatasync,True,26d6f1eb501e205a56d17d306e83c92ac79575aa7299b17ace89e422d6c82864,100,9938443,99384.43,95681,116921,131081,100,346557653,3465576.53,3403189,4291157,4601640,100,356522776,3565227.76,3509910,4378277,4715241
wal_sync_payload_storage_io_diagnostic,storage IO diagnostic; does not prove engine or WAL architecture behavior,ring,33520,100,20,0,979000000,979010197,67108864,67108864,67108864,67108864,3352000,/bench/zfs/db/wal-sync-payload-data-d01da7ab/wal-sync-ring-payload-33520-rep-0.bin,fstat plus full pwrite loop,fdatasync,write timer plus fdatasync,True,ae0273640453ccac61a0f81806f60e0963471b389e7f399c27d18c991134fb0e,100,6600810,66008.1,64320,79600,92480,100,210230613,2102306.13,1948057,3250948,4109835,100,216856943,2168569.43,2009098,3301709,4172955
wal_sync_payload_storage_io_diagnostic,storage IO diagnostic; does not prove engine or WAL architecture behavior,ring,134080,100,20,0,979000000,978848677,67108864,67108864,67108864,67108864,13408000,/bench/zfs/db/wal-sync-payload-data-d01da7ab/wal-sync-ring-payload-134080-rep-0.bin,fstat plus full pwrite loop,fdatasync,write timer plus fdatasync,True,70fc98e58d93f92d62ef00edabf6a2c56d74c3641c05cf7d68944962886b4051,100,15078728,150787.28,149361,165402,188562,100,287903837,2879038.37,2855385,3327709,3479310,100,303009005,3030090.05,3012186,3477670,3625592
wal_sync_payload_storage_io_diagnostic,storage IO diagnostic; does not prove engine or WAL architecture behavior,ring,536320,100,20,0,979000000,978464613,67108864,67108864,67108864,67108864,53632000,/bench/zfs/db/wal-sync-payload-data-d01da7ab/wal-sync-ring-payload-536320-rep-0.bin,fstat plus full pwrite loop,fdatasync,write timer plus fdatasync,True,8997b206e41526c45895dc447ddd7c2e3fd67e5e9f51baf47f3afe142a97a921,100,46298194,462981.94,460964,503604,508245,100,533166860,5331668.6,5317726,5941412,6470735,100,579495214,5794952.14,5772370,6409936,6923779
wal_sync_payload_storage_io_diagnostic,storage IO diagnostic; does not prove engine or WAL architecture behavior,ring,2676,100,20,0,979000000,978979345,67108864,67108864,67108864,67108864,267600,/bench/zfs/db/wal-sync-payload-data-d01da7ab/wal-sync-ring-payload-2676-rep-0.bin,fstat plus full pwrite loop,fdatasync,write timer plus fdatasync,True,67edce7f683a07a07e4c594d60cefba565cc559fe2f9cec8209e43b969017ed5,100,3218425,32184.25,31360,46120,65360,100,118434900,1184349.0,1176090,1619814,1834056,100,121677925,1216779.25,1210050,1657734,1872216
wal_sync_payload_storage_io_diagnostic,storage IO diagnostic; does not prove engine or WAL architecture behavior,ring,10704,100,20,1,979000000,11400714818346309024,67108864,67108864,67108864,67108864,1070400,/bench/zfs/db/wal-sync-payload-data-d01da7ab/wal-sync-ring-payload-10704-rep-1.bin,fstat plus full pwrite loop,fdatasync,write timer plus fdatasync,True,a6d675a7e2a18370635c77082d5fce85c397b3e868858152f0ea16b255f7619c,100,3526677,35266.77,28361,50441,79041,100,105567180,1055671.8,790847,1766495,6598337,100,109117737,1091177.37,822127,1814775,6646217
wal_sync_payload_storage_io_diagnostic,storage IO diagnostic; does not prove engine or WAL architecture behavior,ring,42816,100,20,1,979000000,11400714818346343216,67108864,67108864,67108864,67108864,4281600,/bench/zfs/db/wal-sync-payload-data-d01da7ab/wal-sync-ring-payload-42816-rep-1.bin,fstat plus full pwrite loop,fdatasync,write timer plus fdatasync,True,1275bd169b874c6f194e87611c384c4df40d15261ab62df767f8919e5f258987,100,7571702,75717.02,76081,88281,97761,100,218436477,2184364.77,2153779,2532301,2669663,100,226033739,2260337.39,2227460,2611302,2742783
wal_sync_payload_storage_io_diagnostic,storage IO diagnostic; does not prove engine or WAL architecture behavior,ring,33520,100,20,1,979000000,11400714818346352256,67108864,67108864,67108864,67108864,3352000,/bench/zfs/db/wal-sync-payload-data-d01da7ab/wal-sync-ring-payload-33520-rep-1.bin,fstat plus full pwrite loop,fdatasync,write timer plus fdatasync,True,689fcde7b5ea86ea68d2933860c4427934fb9bb1f6d280830173d054b6c3a8b3,100,6966941,69669.41,68241,83961,98521,100,192918615,1929186.15,1848256,2713584,2902225,100,199909716,1999097.16,1919856,2787544,2986426
wal_sync_payload_storage_io_diagnostic,storage IO diagnostic; does not prove engine or WAL architecture behavior,ring,134080,100,20,1,979000000,11400714818346448816,67108864,67108864,67108864,67108864,13408000,/bench/zfs/db/wal-sync-payload-data-d01da7ab/wal-sync-ring-payload-134080-rep-1.bin,fstat plus full pwrite loop,fdatasync,write timer plus fdatasync,True,f8b0a8c624199414ca5db523f02a030185377e594690a32175be7c16cdd82ea4,100,15089895,150898.95,147041,178562,193082,100,387909808,3879098.08,3815193,4427878,4797082,100,403026143,4030261.43,3952994,4587400,4943003
wal_sync_payload_storage_io_diagnostic,storage IO diagnostic; does not prove engine or WAL architecture behavior,ring,536320,100,20,1,979000000,11400714818346832752,67108864,67108864,67108864,67108864,53632000,/bench/zfs/db/wal-sync-payload-data-d01da7ab/wal-sync-ring-payload-536320-rep-1.bin,fstat plus full pwrite loop,fdatasync,write timer plus fdatasync,True,f706c04c3fc598ad97ef843c3d49eb21143b944dccb75fd70f4fae95869335a5,100,45850227,458502.27,452444,505565,527924,100,528264222,5282642.22,5163764,6728258,8255871,100,574144930,5741449.3,5609169,7213622,8683515
wal_sync_payload_storage_io_diagnostic,storage IO diagnostic; does not prove engine or WAL architecture behavior,ring,2676,100,20,1,979000000,11400714818346317316,67108864,67108864,67108864,67108864,267600,/bench/zfs/db/wal-sync-payload-data-d01da7ab/wal-sync-ring-payload-2676-rep-1.bin,fstat plus full pwrite loop,fdatasync,write timer plus fdatasync,True,66041585cbb7cc99b2c696771a64b606e7c27f2f11db66be9e216b4bb099f4ac,100,5064323,50643.23,50520,69041,110401,100,136352610,1363526.1,1391132,1962057,2065258,100,141442253,1414422.53,1435532,2009737,2129898
wal_sync_payload_storage_io_diagnostic,storage IO diagnostic; does not prove engine or WAL architecture behavior,append,42816,100,20,1,979000000,11400714818346296527,,0,856320,5137920,4281600,/bench/zfs/db/wal-sync-payload-data-d01da7ab/wal-sync-append-payload-42816-rep-1.bin,fstat plus full pwrite loop,fdatasync,write timer plus fdatasync,True,b25cd8af78f37ffd14bd58d52fbc8052849aa83025dcd38ebb0b2fdb4c596a5c,100,8550117,85501.17,83400,107281,118761,100,370916182,3709161.82,3623071,5446247,6357454,100,379492739,3794927.39,3714472,5548967,6466855
wal_sync_payload_storage_io_diagnostic,storage IO diagnostic; does not prove engine or WAL architecture behavior,append,33520,100,20,1,979000000,11400714818346287487,,0,670400,4022400,3352000,/bench/zfs/db/wal-sync-payload-data-d01da7ab/wal-sync-append-payload-33520-rep-1.bin,fstat plus full pwrite loop,fdatasync,write timer plus fdatasync,True,546d6f65b11a0049004454c5ddf58cc6e73653ec897fbad244bf30272d599c16,100,6829384,68293.84,69681,81161,83841,100,156494700,1564947.0,1469492,2103658,2361300,100,163348324,1633483.24,1542653,2177219,2440701
wal_sync_payload_storage_io_diagnostic,storage IO diagnostic; does not prove engine or WAL architecture behavior,append,134080,100,20,1,979000000,11400714818346453071,,0,2681600,16089600,13408000,/bench/zfs/db/wal-sync-payload-data-d01da7ab/wal-sync-append-payload-134080-rep-1.bin,fstat plus full pwrite loop,fdatasync,write timer plus fdatasync,True,ba8185ea4fa0473d9ef0911f941e83ae3ca01928c73e4459efea0abde18e7a4c,100,16840669,168406.69,165722,191521,204202,100,302395473,3023954.73,3003466,3392789,3634871,100,319262142,3192621.42,3169067,3562031,3792073
wal_sync_payload_storage_io_diagnostic,storage IO diagnostic; does not prove engine or WAL architecture behavior,append,536320,100,20,1,979000000,11400714818346855567,,0,10726400,64358400,53632000,/bench/zfs/db/wal-sync-payload-data-d01da7ab/wal-sync-append-payload-536320-rep-1.bin,fstat plus full pwrite loop,fdatasync,write timer plus fdatasync,True,f7ab8bfbf89442e633c9d9886be998a8f2920860c1f4015c9efdc9b87a583272,100,53609377,536093.77,533404,583605,631685,100,509545540,5095455.4,5137164,5730449,5889971,100,563196237,5631962.37,5675369,6269414,6530976
wal_sync_payload_storage_io_diagnostic,storage IO diagnostic; does not prove engine or WAL architecture behavior,append,2676,100,20,1,979000000,11400714818346322427,,0,53520,321120,267600,/bench/zfs/db/wal-sync-payload-data-d01da7ab/wal-sync-append-payload-2676-rep-1.bin,fstat plus full pwrite loop,fdatasync,write timer plus fdatasync,True,ea0421f7384cf5d644f4e8060526fc3b1b2c250bb1f6c5e64014f35117245a11,100,2092257,20922.57,20440,30720,35040,100,73349550,733495.5,713446,916208,989529,100,75467407,754674.07,738087,951688,1015089
wal_sync_payload_storage_io_diagnostic,storage IO diagnostic; does not prove engine or WAL architecture behavior,append,10704,100,20,1,979000000,11400714818346330719,,0,214080,1284480,1070400,/bench/zfs/db/wal-sync-payload-data-d01da7ab/wal-sync-append-payload-10704-rep-1.bin,fstat plus full pwrite loop,fdatasync,write timer plus fdatasync,True,83b7dc0f5728c107b0e5b14278b8f8496c5cb416ab0acb38e2c5cc651f9a426a,100,3241754,32417.54,28721,46761,58241,100,81856536,818565.36,789847,1057729,1114850,100,85125810,851258.1,826847,1083009,1143330
wal_sync_payload_storage_io_diagnostic,storage IO diagnostic; does not prove engine or WAL architecture behavior,append,42816,100,20,2,979000000,22801429637677097200,,0,856320,5137920,4281600,/bench/zfs/db/wal-sync-payload-data-d01da7ab/wal-sync-append-payload-42816-rep-2.bin,fstat plus full pwrite loop,fdatasync,write timer plus fdatasync,True,efafb6ca04bfb1c64a961ef15738bc1bdd07d5fc0c1945a18f0436ecc7e877e7,100,8901158,89011.58,89040,103321,108961,100,207988544,2079885.44,2082258,2311220,2472861,100,216916142,2169161.42,2165138,2400500,2559981
wal_sync_payload_storage_io_diagnostic,storage IO diagnostic; does not prove engine or WAL architecture behavior,append,33520,100,20,2,979000000,22801429637677090112,,0,670400,4022400,3352000,/bench/zfs/db/wal-sync-payload-data-d01da7ab/wal-sync-append-payload-33520-rep-2.bin,fstat plus full pwrite loop,fdatasync,write timer plus fdatasync,True,b29bddbe0e2fa53fab7a4d326c5488b564678d19e2614b429b86d37bc94225b2,100,7762542,77625.42,76080,91481,101960,100,151155665,1511556.65,1409132,2086418,2181658,100,158943048,1589430.48,1495813,2178139,2255060
wal_sync_payload_storage_io_diagnostic,storage IO diagnostic; does not prove engine or WAL architecture behavior,append,134080,100,20,2,979000000,22801429637676928112,,0,2681600,16089600,13408000,/bench/zfs/db/wal-sync-payload-data-d01da7ab/wal-sync-append-payload-134080-rep-2.bin,fstat plus full pwrite loop,fdatasync,write timer plus fdatasync,True,3b7702bbb9b2f7949b60e4785f8e9fa67030126a551fe3f4cceb2d38eae968b9,100,17264546,172645.46,171442,192881,212322,100,305544667,3055446.67,2970346,3366189,3544950,100,322836095,3228360.95,3156667,3534471,3697552
wal_sync_payload_storage_io_diagnostic,storage IO diagnostic; does not prove engine or WAL architecture behavior,append,536320,100,20,2,979000000,22801429637676542128,,0,10726400,64358400,53632000,/bench/zfs/db/wal-sync-payload-data-d01da7ab/wal-sync-append-payload-536320-rep-2.bin,fstat plus full pwrite loop,fdatasync,write timer plus fdatasync,True,250241427a6d5164f9f89c2af3dd0d1273cfdcd96c8fee97bbde073b21ba52d2,100,53107619,531076.19,527285,573125,584965,100,519297978,5192979.78,5154085,5799529,6947100,100,572434837,5724348.37,5682569,6365735,7493385
wal_sync_payload_storage_io_diagnostic,storage IO diagnostic; does not prove engine or WAL architecture behavior,append,2676,100,20,2,979000000,22801429637677059524,,0,53520,321120,267600,/bench/zfs/db/wal-sync-payload-data-d01da7ab/wal-sync-append-payload-2676-rep-2.bin,fstat plus full pwrite loop,fdatasync,write timer plus fdatasync,True,7fc7da157bb21e30b55d20cb07977612e6ec7f0d70c1fd5d4d6572fee5707bfb,100,3597515,35975.15,37000,51241,61721,100,78020904,780209.04,771567,922848,986688,100,81642580,816425.8,810207,966608,1037409
wal_sync_payload_storage_io_diagnostic,storage IO diagnostic; does not prove engine or WAL architecture behavior,append,10704,100,20,2,979000000,22801429637677067872,,0,214080,1284480,1070400,/bench/zfs/db/wal-sync-payload-data-d01da7ab/wal-sync-append-payload-10704-rep-2.bin,fstat plus full pwrite loop,fdatasync,write timer plus fdatasync,True,6f213bc4dabc29a6e8571bd59859d7e5060150aafe53a415e2bd670c805fbf6a,100,4951677,49516.77,50441,66401,75281,100,86308862,863088.62,858128,1026009,1147970,100,91285939,912859.39,910287,1083129,1195010
wal_sync_payload_storage_io_diagnostic,storage IO diagnostic; does not prove engine or WAL architecture behavior,ring,33520,100,20,2,979000000,22801429637677087423,67108864,67108864,67108864,67108864,3352000,/bench/zfs/db/wal-sync-payload-data-d01da7ab/wal-sync-ring-payload-33520-rep-2.bin,fstat plus full pwrite loop,fdatasync,write timer plus fdatasync,True,7f04d8fa9997cd79df4946dd18ac880537a4bb4a666f564e88ab7d7f873476a3,100,7643024,76430.24,74401,99721,114881,100,235284504,2352845.04,2292699,3616391,3810232,100,242952208,2429522.08,2365020,3678912,3889033
wal_sync_payload_storage_io_diagnostic,storage IO diagnostic; does not prove engine or WAL architecture behavior,ring,134080,100,20,2,979000000,22801429637676987279,67108864,67108864,67108864,67108864,13408000,/bench/zfs/db/wal-sync-payload-data-d01da7ab/wal-sync-ring-payload-134080-rep-2.bin,fstat plus full pwrite loop,fdatasync,write timer plus fdatasync,True,fefacb621017d3708324e93c61f129a7470f70d41a7f03fed16cc95f4cf6b601,100,14787893,147878.93,144521,175001,179121,100,299988449,2999884.49,2986626,3386429,3586791,100,314802862,3148028.62,3127307,3541670,3725952
wal_sync_payload_storage_io_diagnostic,storage IO diagnostic; does not prove engine or WAL architecture behavior,ring,536320,100,20,2,979000000,22801429637676586831,67108864,67108864,67108864,67108864,53632000,/bench/zfs/db/wal-sync-payload-data-d01da7ab/wal-sync-ring-payload-536320-rep-2.bin,fstat plus full pwrite loop,fdatasync,write timer plus fdatasync,True,5192df29fbb0ee915203cedc19413f4f20714dd7d06619e0bda1ec9334a1bc50,100,45288666,452886.66,450963,497004,530725,100,527068409,5270684.09,5257045,5959731,6165093,100,572387755,5723877.55,5702769,6416495,6602697
wal_sync_payload_storage_io_diagnostic,storage IO diagnostic; does not prove engine or WAL architecture behavior,ring,2676,100,20,2,979000000,22801429637677118011,67108864,67108864,67108864,67108864,267600,/bench/zfs/db/wal-sync-payload-data-d01da7ab/wal-sync-ring-payload-2676-rep-2.bin,fstat plus full pwrite loop,fdatasync,write timer plus fdatasync,True,55f47b655c567432d1b5dc1381d1811bdd14da17ff69869755eaf660a3e16d90,100,4277716,42777.16,42801,57080,64520,100,162225637,1622256.37,1557934,2267780,2417860,100,166528354,1665283.54,1597134,2305460,2462101
wal_sync_payload_storage_io_diagnostic,storage IO diagnostic; does not prove engine or WAL architecture behavior,ring,10704,100,20,2,979000000,22801429637677109663,67108864,67108864,67108864,67108864,1070400,/bench/zfs/db/wal-sync-payload-data-d01da7ab/wal-sync-ring-payload-10704-rep-2.bin,fstat plus full pwrite loop,fdatasync,write timer plus fdatasync,True,11cf8a38f3e6ae48966ab5024431524d9e9b3927c2fe3dc2e23b64517a416aba,100,4112516,41125.16,40561,59680,75160,100,99861100,998611.0,844168,1136690,1467133,100,103998176,1039981.76,878528,1169730,1493693
wal_sync_payload_storage_io_diagnostic,storage IO diagnostic; does not prove engine or WAL architecture behavior,ring,42816,100,20,2,979000000,22801429637677080335,67108864,67108864,67108864,67108864,4281600,/bench/zfs/db/wal-sync-payload-data-d01da7ab/wal-sync-ring-payload-42816-rep-2.bin,fstat plus full pwrite loop,fdatasync,write timer plus fdatasync,True,45578da39e8d9cd0d0d45522a11423a140e7bbd83f02f3acc1be41d8117c43ea,100,7313544,73135.44,71880,92201,102281,100,211492094,2114920.94,2128059,2427741,2549342,100,218832159,2188321.59,2209779,2498902,2620423
