실행 ID	시도 01 runner 종료 코드	phase0-bench 시작	실제 호출	생성 JSONL	분류
get-rep01-main-btree	0	false	"bash -c """""	없음	무효 no-op; attempt-02 대체
get-rep01-planned-blink	0	false	"bash -c """""	없음	무효 no-op; attempt-02 대체
get-rep02-planned-blink	0	false	"bash -c """""	없음	무효 no-op; attempt-02 대체
get-rep02-main-btree	0	false	"bash -c """""	없음	무효 no-op; attempt-02 대체
get-rep03-main-btree	0	false	"bash -c """""	없음	무효 no-op; attempt-02 대체
get-rep03-planned-blink	0	false	"bash -c """""	없음	무효 no-op; attempt-02 대체
query16-rep01-main-btree	0	false	"bash -c """""	없음	무효 no-op; attempt-02 대체
query16-rep01-planned-blink	0	false	"bash -c """""	없음	무효 no-op; attempt-02 대체
query16-rep02-planned-blink	0	false	"bash -c """""	없음	무효 no-op; attempt-02 대체
query16-rep02-main-btree	0	false	"bash -c """""	없음	무효 no-op; attempt-02 대체
query16-rep03-main-btree	0	false	"bash -c """""	없음	무효 no-op; attempt-02 대체
query16-rep03-planned-blink	0	false	"bash -c """""	없음	무효 no-op; attempt-02 대체
mixed-w4-rep01-main-btree	0	true	/bench/zfs/db/oci-phase0-followup-4bc4d42e4d816f4a11428f5423d89a4c35494f9b/target/release/phase0-bench --engine main-btree --suite mixed --writers 1 --readers 1 --mixes 50/50 --widths 4 --distributions uniform --tokio-workers 2 --working-set 4096 --key-size 16 --value-size 64 --cache-capacity 256 --read-limit 16 --blink-collection-policy current --blink-workers 2 --parallel-workers 0 --group-limit 64 --group-bytes 4194304 --queue-capacity 256 --transaction-mode unconditional --sync-mode real --warmup 1s --duration 5s --repetitions 1 --seed 0xd0db2026 --output /bench/zfs/db/oci-a1-narrow-baseline24-4bc4d42e4d816f4a11428f5423d89a4c35494f9b/runs/mixed-w4-rep01-main-btree.jsonl	mixed-w4-rep01-main-btree.jsonl	실제 mixed 실행
mixed-w4-rep01-planned-blink	0	true	/bench/zfs/db/oci-phase0-followup-4bc4d42e4d816f4a11428f5423d89a4c35494f9b/target/release/phase0-bench --engine planned-blink --suite mixed --writers 1 --readers 1 --mixes 50/50 --widths 4 --distributions uniform --tokio-workers 2 --working-set 4096 --key-size 16 --value-size 64 --cache-capacity 256 --read-limit 16 --blink-collection-policy current --blink-workers 2 --parallel-workers 0 --group-limit 64 --group-bytes 4194304 --queue-capacity 256 --transaction-mode unconditional --sync-mode real --warmup 1s --duration 5s --repetitions 1 --seed 0xd0db2026 --output /bench/zfs/db/oci-a1-narrow-baseline24-4bc4d42e4d816f4a11428f5423d89a4c35494f9b/runs/mixed-w4-rep01-planned-blink.jsonl	mixed-w4-rep01-planned-blink.jsonl	실제 mixed 실행
mixed-w4-rep02-planned-blink	0	true	/bench/zfs/db/oci-phase0-followup-4bc4d42e4d816f4a11428f5423d89a4c35494f9b/target/release/phase0-bench --engine planned-blink --suite mixed --writers 1 --readers 1 --mixes 50/50 --widths 4 --distributions uniform --tokio-workers 2 --working-set 4096 --key-size 16 --value-size 64 --cache-capacity 256 --read-limit 16 --blink-collection-policy current --blink-workers 2 --parallel-workers 0 --group-limit 64 --group-bytes 4194304 --queue-capacity 256 --transaction-mode unconditional --sync-mode real --warmup 1s --duration 5s --repetitions 1 --seed 0xd0db2027 --output /bench/zfs/db/oci-a1-narrow-baseline24-4bc4d42e4d816f4a11428f5423d89a4c35494f9b/runs/mixed-w4-rep02-planned-blink.jsonl	mixed-w4-rep02-planned-blink.jsonl	실제 mixed 실행
mixed-w4-rep02-main-btree	0	true	/bench/zfs/db/oci-phase0-followup-4bc4d42e4d816f4a11428f5423d89a4c35494f9b/target/release/phase0-bench --engine main-btree --suite mixed --writers 1 --readers 1 --mixes 50/50 --widths 4 --distributions uniform --tokio-workers 2 --working-set 4096 --key-size 16 --value-size 64 --cache-capacity 256 --read-limit 16 --blink-collection-policy current --blink-workers 2 --parallel-workers 0 --group-limit 64 --group-bytes 4194304 --queue-capacity 256 --transaction-mode unconditional --sync-mode real --warmup 1s --duration 5s --repetitions 1 --seed 0xd0db2027 --output /bench/zfs/db/oci-a1-narrow-baseline24-4bc4d42e4d816f4a11428f5423d89a4c35494f9b/runs/mixed-w4-rep02-main-btree.jsonl	mixed-w4-rep02-main-btree.jsonl	실제 mixed 실행
mixed-w4-rep03-main-btree	0	true	/bench/zfs/db/oci-phase0-followup-4bc4d42e4d816f4a11428f5423d89a4c35494f9b/target/release/phase0-bench --engine main-btree --suite mixed --writers 1 --readers 1 --mixes 50/50 --widths 4 --distributions uniform --tokio-workers 2 --working-set 4096 --key-size 16 --value-size 64 --cache-capacity 256 --read-limit 16 --blink-collection-policy current --blink-workers 2 --parallel-workers 0 --group-limit 64 --group-bytes 4194304 --queue-capacity 256 --transaction-mode unconditional --sync-mode real --warmup 1s --duration 5s --repetitions 1 --seed 0xd0db2028 --output /bench/zfs/db/oci-a1-narrow-baseline24-4bc4d42e4d816f4a11428f5423d89a4c35494f9b/runs/mixed-w4-rep03-main-btree.jsonl	mixed-w4-rep03-main-btree.jsonl	실제 mixed 실행
mixed-w4-rep03-planned-blink	0	true	/bench/zfs/db/oci-phase0-followup-4bc4d42e4d816f4a11428f5423d89a4c35494f9b/target/release/phase0-bench --engine planned-blink --suite mixed --writers 1 --readers 1 --mixes 50/50 --widths 4 --distributions uniform --tokio-workers 2 --working-set 4096 --key-size 16 --value-size 64 --cache-capacity 256 --read-limit 16 --blink-collection-policy current --blink-workers 2 --parallel-workers 0 --group-limit 64 --group-bytes 4194304 --queue-capacity 256 --transaction-mode unconditional --sync-mode real --warmup 1s --duration 5s --repetitions 1 --seed 0xd0db2028 --output /bench/zfs/db/oci-a1-narrow-baseline24-4bc4d42e4d816f4a11428f5423d89a4c35494f9b/runs/mixed-w4-rep03-planned-blink.jsonl	mixed-w4-rep03-planned-blink.jsonl	실제 mixed 실행
mixed-w8-rep01-main-btree	0	true	/bench/zfs/db/oci-phase0-followup-4bc4d42e4d816f4a11428f5423d89a4c35494f9b/target/release/phase0-bench --engine main-btree --suite mixed --writers 1 --readers 1 --mixes 50/50 --widths 8 --distributions uniform --tokio-workers 2 --working-set 4096 --key-size 16 --value-size 64 --cache-capacity 256 --read-limit 16 --blink-collection-policy current --blink-workers 2 --parallel-workers 0 --group-limit 64 --group-bytes 4194304 --queue-capacity 256 --transaction-mode unconditional --sync-mode real --warmup 1s --duration 5s --repetitions 1 --seed 0xd0db2026 --output /bench/zfs/db/oci-a1-narrow-baseline24-4bc4d42e4d816f4a11428f5423d89a4c35494f9b/runs/mixed-w8-rep01-main-btree.jsonl	mixed-w8-rep01-main-btree.jsonl	실제 mixed 실행
mixed-w8-rep01-planned-blink	0	true	/bench/zfs/db/oci-phase0-followup-4bc4d42e4d816f4a11428f5423d89a4c35494f9b/target/release/phase0-bench --engine planned-blink --suite mixed --writers 1 --readers 1 --mixes 50/50 --widths 8 --distributions uniform --tokio-workers 2 --working-set 4096 --key-size 16 --value-size 64 --cache-capacity 256 --read-limit 16 --blink-collection-policy current --blink-workers 2 --parallel-workers 0 --group-limit 64 --group-bytes 4194304 --queue-capacity 256 --transaction-mode unconditional --sync-mode real --warmup 1s --duration 5s --repetitions 1 --seed 0xd0db2026 --output /bench/zfs/db/oci-a1-narrow-baseline24-4bc4d42e4d816f4a11428f5423d89a4c35494f9b/runs/mixed-w8-rep01-planned-blink.jsonl	mixed-w8-rep01-planned-blink.jsonl	실제 mixed 실행
mixed-w8-rep02-planned-blink	0	true	/bench/zfs/db/oci-phase0-followup-4bc4d42e4d816f4a11428f5423d89a4c35494f9b/target/release/phase0-bench --engine planned-blink --suite mixed --writers 1 --readers 1 --mixes 50/50 --widths 8 --distributions uniform --tokio-workers 2 --working-set 4096 --key-size 16 --value-size 64 --cache-capacity 256 --read-limit 16 --blink-collection-policy current --blink-workers 2 --parallel-workers 0 --group-limit 64 --group-bytes 4194304 --queue-capacity 256 --transaction-mode unconditional --sync-mode real --warmup 1s --duration 5s --repetitions 1 --seed 0xd0db2027 --output /bench/zfs/db/oci-a1-narrow-baseline24-4bc4d42e4d816f4a11428f5423d89a4c35494f9b/runs/mixed-w8-rep02-planned-blink.jsonl	mixed-w8-rep02-planned-blink.jsonl	실제 mixed 실행
mixed-w8-rep02-main-btree	0	true	/bench/zfs/db/oci-phase0-followup-4bc4d42e4d816f4a11428f5423d89a4c35494f9b/target/release/phase0-bench --engine main-btree --suite mixed --writers 1 --readers 1 --mixes 50/50 --widths 8 --distributions uniform --tokio-workers 2 --working-set 4096 --key-size 16 --value-size 64 --cache-capacity 256 --read-limit 16 --blink-collection-policy current --blink-workers 2 --parallel-workers 0 --group-limit 64 --group-bytes 4194304 --queue-capacity 256 --transaction-mode unconditional --sync-mode real --warmup 1s --duration 5s --repetitions 1 --seed 0xd0db2027 --output /bench/zfs/db/oci-a1-narrow-baseline24-4bc4d42e4d816f4a11428f5423d89a4c35494f9b/runs/mixed-w8-rep02-main-btree.jsonl	mixed-w8-rep02-main-btree.jsonl	실제 mixed 실행
mixed-w8-rep03-main-btree	0	true	/bench/zfs/db/oci-phase0-followup-4bc4d42e4d816f4a11428f5423d89a4c35494f9b/target/release/phase0-bench --engine main-btree --suite mixed --writers 1 --readers 1 --mixes 50/50 --widths 8 --distributions uniform --tokio-workers 2 --working-set 4096 --key-size 16 --value-size 64 --cache-capacity 256 --read-limit 16 --blink-collection-policy current --blink-workers 2 --parallel-workers 0 --group-limit 64 --group-bytes 4194304 --queue-capacity 256 --transaction-mode unconditional --sync-mode real --warmup 1s --duration 5s --repetitions 1 --seed 0xd0db2028 --output /bench/zfs/db/oci-a1-narrow-baseline24-4bc4d42e4d816f4a11428f5423d89a4c35494f9b/runs/mixed-w8-rep03-main-btree.jsonl	mixed-w8-rep03-main-btree.jsonl	실제 mixed 실행
mixed-w8-rep03-planned-blink	0	true	/bench/zfs/db/oci-phase0-followup-4bc4d42e4d816f4a11428f5423d89a4c35494f9b/target/release/phase0-bench --engine planned-blink --suite mixed --writers 1 --readers 1 --mixes 50/50 --widths 8 --distributions uniform --tokio-workers 2 --working-set 4096 --key-size 16 --value-size 64 --cache-capacity 256 --read-limit 16 --blink-collection-policy current --blink-workers 2 --parallel-workers 0 --group-limit 64 --group-bytes 4194304 --queue-capacity 256 --transaction-mode unconditional --sync-mode real --warmup 1s --duration 5s --repetitions 1 --seed 0xd0db2028 --output /bench/zfs/db/oci-a1-narrow-baseline24-4bc4d42e4d816f4a11428f5423d89a4c35494f9b/runs/mixed-w8-rep03-planned-blink.jsonl	mixed-w8-rep03-planned-blink.jsonl	실제 mixed 실행
