attempt	run_id	corrects_attempt_run_id	condition	engine	external_repetition	jsonl_repetition	seed	pair_order	total_client_workers	width	command
02	attempt-02-get-rep01-main-btree	get-rep01-main-btree	get	main-btree	1	0	0xd0db2026	1	1	none	cd /bench/zfs/db/oci-phase0-followup-4bc4d42e4d816f4a11428f5423d89a4c35494f9b/source && env DODB_BENCH_DIR=/bench/zfs/db/oci-a1-narrow-baseline24-4bc4d42e4d816f4a11428f5423d89a4c35494f9b/db TMPDIR=/bench/zfs/db/oci-a1-narrow-baseline24-4bc4d42e4d816f4a11428f5423d89a4c35494f9b/tmp /bench/zfs/db/oci-phase0-followup-4bc4d42e4d816f4a11428f5423d89a4c35494f9b/target/release/phase0-bench --engine main-btree --suite read --readers 1 --read-kinds get --distributions uniform --tokio-workers 2 --working-set 4096 --key-size 16 --value-size 64 --cache-capacity 256 --read-limit 16 --blink-collection-policy current --blink-workers 2 --parallel-workers 0 --group-limit 64 --group-bytes 4194304 --queue-capacity 256 --transaction-mode unconditional --sync-mode real --warmup 1s --duration 5s --repetitions 1 --seed 0xd0db2026 --output /bench/zfs/db/oci-a1-narrow-baseline24-4bc4d42e4d816f4a11428f5423d89a4c35494f9b/runs/attempt-02-get-rep01-main-btree.jsonl
02	attempt-02-get-rep01-planned-blink	get-rep01-planned-blink	get	planned-blink	1	0	0xd0db2026	2	1	none	cd /bench/zfs/db/oci-phase0-followup-4bc4d42e4d816f4a11428f5423d89a4c35494f9b/source && env DODB_BENCH_DIR=/bench/zfs/db/oci-a1-narrow-baseline24-4bc4d42e4d816f4a11428f5423d89a4c35494f9b/db TMPDIR=/bench/zfs/db/oci-a1-narrow-baseline24-4bc4d42e4d816f4a11428f5423d89a4c35494f9b/tmp /bench/zfs/db/oci-phase0-followup-4bc4d42e4d816f4a11428f5423d89a4c35494f9b/target/release/phase0-bench --engine planned-blink --suite read --readers 1 --read-kinds get --distributions uniform --tokio-workers 2 --working-set 4096 --key-size 16 --value-size 64 --cache-capacity 256 --read-limit 16 --blink-collection-policy current --blink-workers 2 --parallel-workers 0 --group-limit 64 --group-bytes 4194304 --queue-capacity 256 --transaction-mode unconditional --sync-mode real --warmup 1s --duration 5s --repetitions 1 --seed 0xd0db2026 --output /bench/zfs/db/oci-a1-narrow-baseline24-4bc4d42e4d816f4a11428f5423d89a4c35494f9b/runs/attempt-02-get-rep01-planned-blink.jsonl
02	attempt-02-get-rep02-planned-blink	get-rep02-planned-blink	get	planned-blink	2	0	0xd0db2027	1	1	none	cd /bench/zfs/db/oci-phase0-followup-4bc4d42e4d816f4a11428f5423d89a4c35494f9b/source && env DODB_BENCH_DIR=/bench/zfs/db/oci-a1-narrow-baseline24-4bc4d42e4d816f4a11428f5423d89a4c35494f9b/db TMPDIR=/bench/zfs/db/oci-a1-narrow-baseline24-4bc4d42e4d816f4a11428f5423d89a4c35494f9b/tmp /bench/zfs/db/oci-phase0-followup-4bc4d42e4d816f4a11428f5423d89a4c35494f9b/target/release/phase0-bench --engine planned-blink --suite read --readers 1 --read-kinds get --distributions uniform --tokio-workers 2 --working-set 4096 --key-size 16 --value-size 64 --cache-capacity 256 --read-limit 16 --blink-collection-policy current --blink-workers 2 --parallel-workers 0 --group-limit 64 --group-bytes 4194304 --queue-capacity 256 --transaction-mode unconditional --sync-mode real --warmup 1s --duration 5s --repetitions 1 --seed 0xd0db2027 --output /bench/zfs/db/oci-a1-narrow-baseline24-4bc4d42e4d816f4a11428f5423d89a4c35494f9b/runs/attempt-02-get-rep02-planned-blink.jsonl
02	attempt-02-get-rep02-main-btree	get-rep02-main-btree	get	main-btree	2	0	0xd0db2027	2	1	none	cd /bench/zfs/db/oci-phase0-followup-4bc4d42e4d816f4a11428f5423d89a4c35494f9b/source && env DODB_BENCH_DIR=/bench/zfs/db/oci-a1-narrow-baseline24-4bc4d42e4d816f4a11428f5423d89a4c35494f9b/db TMPDIR=/bench/zfs/db/oci-a1-narrow-baseline24-4bc4d42e4d816f4a11428f5423d89a4c35494f9b/tmp /bench/zfs/db/oci-phase0-followup-4bc4d42e4d816f4a11428f5423d89a4c35494f9b/target/release/phase0-bench --engine main-btree --suite read --readers 1 --read-kinds get --distributions uniform --tokio-workers 2 --working-set 4096 --key-size 16 --value-size 64 --cache-capacity 256 --read-limit 16 --blink-collection-policy current --blink-workers 2 --parallel-workers 0 --group-limit 64 --group-bytes 4194304 --queue-capacity 256 --transaction-mode unconditional --sync-mode real --warmup 1s --duration 5s --repetitions 1 --seed 0xd0db2027 --output /bench/zfs/db/oci-a1-narrow-baseline24-4bc4d42e4d816f4a11428f5423d89a4c35494f9b/runs/attempt-02-get-rep02-main-btree.jsonl
02	attempt-02-get-rep03-main-btree	get-rep03-main-btree	get	main-btree	3	0	0xd0db2028	1	1	none	cd /bench/zfs/db/oci-phase0-followup-4bc4d42e4d816f4a11428f5423d89a4c35494f9b/source && env DODB_BENCH_DIR=/bench/zfs/db/oci-a1-narrow-baseline24-4bc4d42e4d816f4a11428f5423d89a4c35494f9b/db TMPDIR=/bench/zfs/db/oci-a1-narrow-baseline24-4bc4d42e4d816f4a11428f5423d89a4c35494f9b/tmp /bench/zfs/db/oci-phase0-followup-4bc4d42e4d816f4a11428f5423d89a4c35494f9b/target/release/phase0-bench --engine main-btree --suite read --readers 1 --read-kinds get --distributions uniform --tokio-workers 2 --working-set 4096 --key-size 16 --value-size 64 --cache-capacity 256 --read-limit 16 --blink-collection-policy current --blink-workers 2 --parallel-workers 0 --group-limit 64 --group-bytes 4194304 --queue-capacity 256 --transaction-mode unconditional --sync-mode real --warmup 1s --duration 5s --repetitions 1 --seed 0xd0db2028 --output /bench/zfs/db/oci-a1-narrow-baseline24-4bc4d42e4d816f4a11428f5423d89a4c35494f9b/runs/attempt-02-get-rep03-main-btree.jsonl
02	attempt-02-get-rep03-planned-blink	get-rep03-planned-blink	get	planned-blink	3	0	0xd0db2028	2	1	none	cd /bench/zfs/db/oci-phase0-followup-4bc4d42e4d816f4a11428f5423d89a4c35494f9b/source && env DODB_BENCH_DIR=/bench/zfs/db/oci-a1-narrow-baseline24-4bc4d42e4d816f4a11428f5423d89a4c35494f9b/db TMPDIR=/bench/zfs/db/oci-a1-narrow-baseline24-4bc4d42e4d816f4a11428f5423d89a4c35494f9b/tmp /bench/zfs/db/oci-phase0-followup-4bc4d42e4d816f4a11428f5423d89a4c35494f9b/target/release/phase0-bench --engine planned-blink --suite read --readers 1 --read-kinds get --distributions uniform --tokio-workers 2 --working-set 4096 --key-size 16 --value-size 64 --cache-capacity 256 --read-limit 16 --blink-collection-policy current --blink-workers 2 --parallel-workers 0 --group-limit 64 --group-bytes 4194304 --queue-capacity 256 --transaction-mode unconditional --sync-mode real --warmup 1s --duration 5s --repetitions 1 --seed 0xd0db2028 --output /bench/zfs/db/oci-a1-narrow-baseline24-4bc4d42e4d816f4a11428f5423d89a4c35494f9b/runs/attempt-02-get-rep03-planned-blink.jsonl
02	attempt-02-query16-rep01-main-btree	query16-rep01-main-btree	query16	main-btree	1	0	0xd0db2026	1	1	none	cd /bench/zfs/db/oci-phase0-followup-4bc4d42e4d816f4a11428f5423d89a4c35494f9b/source && env DODB_BENCH_DIR=/bench/zfs/db/oci-a1-narrow-baseline24-4bc4d42e4d816f4a11428f5423d89a4c35494f9b/db TMPDIR=/bench/zfs/db/oci-a1-narrow-baseline24-4bc4d42e4d816f4a11428f5423d89a4c35494f9b/tmp /bench/zfs/db/oci-phase0-followup-4bc4d42e4d816f4a11428f5423d89a4c35494f9b/target/release/phase0-bench --engine main-btree --suite read --readers 1 --read-kinds query --distributions uniform --tokio-workers 2 --working-set 4096 --key-size 16 --value-size 64 --cache-capacity 256 --read-limit 16 --blink-collection-policy current --blink-workers 2 --parallel-workers 0 --group-limit 64 --group-bytes 4194304 --queue-capacity 256 --transaction-mode unconditional --sync-mode real --warmup 1s --duration 5s --repetitions 1 --seed 0xd0db2026 --output /bench/zfs/db/oci-a1-narrow-baseline24-4bc4d42e4d816f4a11428f5423d89a4c35494f9b/runs/attempt-02-query16-rep01-main-btree.jsonl
02	attempt-02-query16-rep01-planned-blink	query16-rep01-planned-blink	query16	planned-blink	1	0	0xd0db2026	2	1	none	cd /bench/zfs/db/oci-phase0-followup-4bc4d42e4d816f4a11428f5423d89a4c35494f9b/source && env DODB_BENCH_DIR=/bench/zfs/db/oci-a1-narrow-baseline24-4bc4d42e4d816f4a11428f5423d89a4c35494f9b/db TMPDIR=/bench/zfs/db/oci-a1-narrow-baseline24-4bc4d42e4d816f4a11428f5423d89a4c35494f9b/tmp /bench/zfs/db/oci-phase0-followup-4bc4d42e4d816f4a11428f5423d89a4c35494f9b/target/release/phase0-bench --engine planned-blink --suite read --readers 1 --read-kinds query --distributions uniform --tokio-workers 2 --working-set 4096 --key-size 16 --value-size 64 --cache-capacity 256 --read-limit 16 --blink-collection-policy current --blink-workers 2 --parallel-workers 0 --group-limit 64 --group-bytes 4194304 --queue-capacity 256 --transaction-mode unconditional --sync-mode real --warmup 1s --duration 5s --repetitions 1 --seed 0xd0db2026 --output /bench/zfs/db/oci-a1-narrow-baseline24-4bc4d42e4d816f4a11428f5423d89a4c35494f9b/runs/attempt-02-query16-rep01-planned-blink.jsonl
02	attempt-02-query16-rep02-planned-blink	query16-rep02-planned-blink	query16	planned-blink	2	0	0xd0db2027	1	1	none	cd /bench/zfs/db/oci-phase0-followup-4bc4d42e4d816f4a11428f5423d89a4c35494f9b/source && env DODB_BENCH_DIR=/bench/zfs/db/oci-a1-narrow-baseline24-4bc4d42e4d816f4a11428f5423d89a4c35494f9b/db TMPDIR=/bench/zfs/db/oci-a1-narrow-baseline24-4bc4d42e4d816f4a11428f5423d89a4c35494f9b/tmp /bench/zfs/db/oci-phase0-followup-4bc4d42e4d816f4a11428f5423d89a4c35494f9b/target/release/phase0-bench --engine planned-blink --suite read --readers 1 --read-kinds query --distributions uniform --tokio-workers 2 --working-set 4096 --key-size 16 --value-size 64 --cache-capacity 256 --read-limit 16 --blink-collection-policy current --blink-workers 2 --parallel-workers 0 --group-limit 64 --group-bytes 4194304 --queue-capacity 256 --transaction-mode unconditional --sync-mode real --warmup 1s --duration 5s --repetitions 1 --seed 0xd0db2027 --output /bench/zfs/db/oci-a1-narrow-baseline24-4bc4d42e4d816f4a11428f5423d89a4c35494f9b/runs/attempt-02-query16-rep02-planned-blink.jsonl
02	attempt-02-query16-rep02-main-btree	query16-rep02-main-btree	query16	main-btree	2	0	0xd0db2027	2	1	none	cd /bench/zfs/db/oci-phase0-followup-4bc4d42e4d816f4a11428f5423d89a4c35494f9b/source && env DODB_BENCH_DIR=/bench/zfs/db/oci-a1-narrow-baseline24-4bc4d42e4d816f4a11428f5423d89a4c35494f9b/db TMPDIR=/bench/zfs/db/oci-a1-narrow-baseline24-4bc4d42e4d816f4a11428f5423d89a4c35494f9b/tmp /bench/zfs/db/oci-phase0-followup-4bc4d42e4d816f4a11428f5423d89a4c35494f9b/target/release/phase0-bench --engine main-btree --suite read --readers 1 --read-kinds query --distributions uniform --tokio-workers 2 --working-set 4096 --key-size 16 --value-size 64 --cache-capacity 256 --read-limit 16 --blink-collection-policy current --blink-workers 2 --parallel-workers 0 --group-limit 64 --group-bytes 4194304 --queue-capacity 256 --transaction-mode unconditional --sync-mode real --warmup 1s --duration 5s --repetitions 1 --seed 0xd0db2027 --output /bench/zfs/db/oci-a1-narrow-baseline24-4bc4d42e4d816f4a11428f5423d89a4c35494f9b/runs/attempt-02-query16-rep02-main-btree.jsonl
02	attempt-02-query16-rep03-main-btree	query16-rep03-main-btree	query16	main-btree	3	0	0xd0db2028	1	1	none	cd /bench/zfs/db/oci-phase0-followup-4bc4d42e4d816f4a11428f5423d89a4c35494f9b/source && env DODB_BENCH_DIR=/bench/zfs/db/oci-a1-narrow-baseline24-4bc4d42e4d816f4a11428f5423d89a4c35494f9b/db TMPDIR=/bench/zfs/db/oci-a1-narrow-baseline24-4bc4d42e4d816f4a11428f5423d89a4c35494f9b/tmp /bench/zfs/db/oci-phase0-followup-4bc4d42e4d816f4a11428f5423d89a4c35494f9b/target/release/phase0-bench --engine main-btree --suite read --readers 1 --read-kinds query --distributions uniform --tokio-workers 2 --working-set 4096 --key-size 16 --value-size 64 --cache-capacity 256 --read-limit 16 --blink-collection-policy current --blink-workers 2 --parallel-workers 0 --group-limit 64 --group-bytes 4194304 --queue-capacity 256 --transaction-mode unconditional --sync-mode real --warmup 1s --duration 5s --repetitions 1 --seed 0xd0db2028 --output /bench/zfs/db/oci-a1-narrow-baseline24-4bc4d42e4d816f4a11428f5423d89a4c35494f9b/runs/attempt-02-query16-rep03-main-btree.jsonl
02	attempt-02-query16-rep03-planned-blink	query16-rep03-planned-blink	query16	planned-blink	3	0	0xd0db2028	2	1	none	cd /bench/zfs/db/oci-phase0-followup-4bc4d42e4d816f4a11428f5423d89a4c35494f9b/source && env DODB_BENCH_DIR=/bench/zfs/db/oci-a1-narrow-baseline24-4bc4d42e4d816f4a11428f5423d89a4c35494f9b/db TMPDIR=/bench/zfs/db/oci-a1-narrow-baseline24-4bc4d42e4d816f4a11428f5423d89a4c35494f9b/tmp /bench/zfs/db/oci-phase0-followup-4bc4d42e4d816f4a11428f5423d89a4c35494f9b/target/release/phase0-bench --engine planned-blink --suite read --readers 1 --read-kinds query --distributions uniform --tokio-workers 2 --working-set 4096 --key-size 16 --value-size 64 --cache-capacity 256 --read-limit 16 --blink-collection-policy current --blink-workers 2 --parallel-workers 0 --group-limit 64 --group-bytes 4194304 --queue-capacity 256 --transaction-mode unconditional --sync-mode real --warmup 1s --duration 5s --repetitions 1 --seed 0xd0db2028 --output /bench/zfs/db/oci-a1-narrow-baseline24-4bc4d42e4d816f4a11428f5423d89a4c35494f9b/runs/attempt-02-query16-rep03-planned-blink.jsonl
