run_id	started_utc	ended_utc	exit_status
get-rep01-main-btree	2026-10-08T01:19:27Z	2026-10-08T01:19:27Z	0
get-rep01-planned-blink	2026-10-08T01:19:27Z	2026-10-08T01:19:27Z	0
get-rep02-planned-blink	2026-10-08T01:19:27Z	2026-10-08T01:19:27Z	0
get-rep02-main-btree	2026-10-08T01:19:27Z	2026-10-08T01:19:27Z	0
get-rep03-main-btree	2026-10-08T01:19:27Z	2026-10-08T01:19:27Z	0
get-rep03-planned-blink	2026-10-08T01:19:27Z	2026-10-08T01:19:27Z	0
query16-rep01-main-btree	2026-10-08T01:19:27Z	2026-10-08T01:19:27Z	0
query16-rep01-planned-blink	2026-10-08T01:19:27Z	2026-10-08T01:19:27Z	0
query16-rep02-planned-blink	2026-10-08T01:19:27Z	2026-10-08T01:19:27Z	0
query16-rep02-main-btree	2026-10-08T01:19:27Z	2026-10-08T01:19:27Z	0
query16-rep03-main-btree	2026-10-08T01:19:27Z	2026-10-08T01:19:27Z	0
query16-rep03-planned-blink	2026-10-08T01:19:27Z	2026-10-08T01:19:27Z	0
mixed-w4-rep01-main-btree	2026-10-08T01:19:27Z	2026-10-08T01:19:34Z	0
mixed-w4-rep01-planned-blink	2026-10-08T01:19:34Z	2026-10-08T01:19:40Z	0
mixed-w4-rep02-planned-blink	2026-10-08T01:19:40Z	2026-10-08T01:19:47Z	0
mixed-w4-rep02-main-btree	2026-10-08T01:19:47Z	2026-10-08T01:19:53Z	0
mixed-w4-rep03-main-btree	2026-10-08T01:19:53Z	2026-10-08T01:20:00Z	0
mixed-w4-rep03-planned-blink	2026-10-08T01:20:00Z	2026-10-08T01:20:06Z	0
mixed-w8-rep01-main-btree	2026-10-08T01:20:06Z	2026-10-08T01:20:13Z	0
mixed-w8-rep01-planned-blink	2026-10-08T01:20:13Z	2026-10-08T01:20:19Z	0
mixed-w8-rep02-planned-blink	2026-10-08T01:20:19Z	2026-10-08T01:20:26Z	0
mixed-w8-rep02-main-btree	2026-10-08T01:20:26Z	2026-10-08T01:20:32Z	0
mixed-w8-rep03-main-btree	2026-10-08T01:20:32Z	2026-10-08T01:20:39Z	0
mixed-w8-rep03-planned-blink	2026-10-08T01:20:39Z	2026-10-08T01:20:45Z	0
