실행 ID	시도	조건	외부 반복	엔진	seed	성공 처리량/s	처리량 지표	성공 읽기/s	성공 query/s	성공 tx/s	성공 mutation/s	aggregate ops/s	p50 us	p95 us	p99 us	읽기 p50/p95/p99 us	쓰기 p50/p95/p99 us	요청 read/write 수	요청 read/write %	성공 read/write 수	성공 read/write %	quota 미시작	측정 요청/경과 ms	성공/오류/overload/conflict	검사 표본	Query 검사 요청/행	Query 실제 범위 수	RSS peak MiB	RSS 표본/실패	RSS 최대 간격 ms	CPU machine %	client 완료 편차 ms	마지막 client 종료 offset ms	drain 후 종료 ms	mixed 이력 bytes/한도/이벤트/이벤트한도/누락	WAL sync 수/시간 ms	검증	원본 JSONL
get-rep01-main-btree	02	get	1	main-btree	0xd0db2026	1246769.800	성공 읽기/s	1246769.800					0.6	0.68	0.76	0.6/0.68/0.76							5000/5000	6233849/0/0/0	64132			26.63	495/0	14.671	49.795995	0.000	5000.001	0.001			통과	attempt-02-get-rep01-main-btree.jsonl
get-rep01-planned-blink	02	get	1	planned-blink	0xd0db2026	1240406.400	성공 읽기/s	1240406.400					0.6	0.68	0.72	0.6/0.68/0.72							5000/5000	6202032/0/0/0	63808			31.83	497/0	10.575	49.895792	0.000	5000.001	0.001			통과	attempt-02-get-rep01-planned-blink.jsonl
get-rep02-planned-blink	02	get	2	planned-blink	0xd0db2027	1239439.200	성공 읽기/s	1239439.200					0.6	0.68	0.76	0.6/0.68/0.72							5000/5000	6197196/0/0/0	63570			31.84	497/0	12.472	49.995518	0.000	5000.001	0.001			통과	attempt-02-get-rep02-planned-blink.jsonl
get-rep02-main-btree	02	get	2	main-btree	0xd0db2027	1240290.400	성공 읽기/s	1240290.400					0.6	0.72	0.76	0.6/0.68/0.76							5000/5000	6201452/0/0/0	63626			26.63	497/0	13.211	49.895583	0.000	5000.001	0.001			통과	attempt-02-get-rep02-main-btree.jsonl
get-rep03-main-btree	02	get	3	main-btree	0xd0db2028	1236694.400	성공 읽기/s	1236694.400					0.6	0.68	0.76	0.6/0.72/0.76							5000/5000	6183472/0/0/0	63036			26.55	497/0	12.023	49.895291	0.000	5000.001	0.001			통과	attempt-02-get-rep03-main-btree.jsonl
get-rep03-planned-blink	02	get	3	planned-blink	0xd0db2028	1225307.000	성공 읽기/s	1225307.000					0.6	0.68	0.76	0.6/0.68/0.76							5000/5000	6126535/0/0/0	62489			31.81	497/0	10.521	49.895571	0.000	5000.001	0.001			통과	attempt-02-get-rep03-planned-blink.jsonl
query16-rep01-main-btree	02	query16	1	main-btree	0xd0db2026	209874.400	성공 Query/s		209874.400				3.96	5.08	5.36	3.96/5.08/5.36							5000/5000	1049372/0/0/0	0	1049372/16789952	136	27.71	497/0	12.111	49.795773	0.000	5000.003	0.003			통과	attempt-02-query16-rep01-main-btree.jsonl
query16-rep01-planned-blink	02	query16	1	planned-blink	0xd0db2026	146116.400	성공 Query/s		146116.400				6.2	7.8	8.0	6.2/7.76/8.0							5000/5000	730582/0/0/0	0	730582/11689312	136	31.84	497/0	10.481	49.995608	0.000	5000.003	0.003			통과	attempt-02-query16-rep01-planned-blink.jsonl
query16-rep02-planned-blink	02	query16	2	planned-blink	0xd0db2027	145487.800	성공 Query/s		145487.800				6.2	7.8	8.0	6.2/7.8/8.04							5000/5000	727439/0/0/0	0	727439/11639024	136	31.77	497/0	12.840	49.795834	0.000	5000.004	0.004			통과	attempt-02-query16-rep02-planned-blink.jsonl
query16-rep02-main-btree	02	query16	2	main-btree	0xd0db2027	210243.000	성공 Query/s		210243.000				3.92	5.08	5.32	3.96/5.08/5.36							5000/5000	1051215/0/0/0	0	1051215/16819440	136	27.77	497/0	11.485	49.895666	0.000	5000.002	0.002			통과	attempt-02-query16-rep02-main-btree.jsonl
query16-rep03-main-btree	02	query16	3	main-btree	0xd0db2028	210288.400	성공 Query/s		210288.400				3.96	5.08	5.36	3.96/5.08/5.32							5000/5000	1051442/0/0/0	0	1051442/16823072	136	27.62	497/0	12.352	49.995196	0.000	5000.000	0.000			통과	attempt-02-query16-rep03-main-btree.jsonl
query16-rep03-planned-blink	02	query16	3	planned-blink	0xd0db2028	145980.400	성공 Query/s		145980.400				6.2	7.76	8.0	6.2/7.76/8.0							5000/5000	729902/0/0/0	0	729902/11678432	136	31.78	497/0	10.358	49.895876	0.000	5000.005	0.005			통과	attempt-02-query16-rep03-planned-blink.jsonl
mixed-w4-rep01-main-btree	01	mixed-w4	1	main-btree	0xd0db2026	1613.046	aggregate ops/s	806.600		806.600	3226.092	1613.046	977.128	1351.451	1841.496	1.8/3.0/3.56	1172.61/1508.053/2105.338	4033/4033	50.000000/50.000000	4033/4033	50.000000/50.000000	0	5000/5000	8066/0/0/0	56			32.39	494/0	13.040	58.594413	0.187	5000.188	0.188	80960/8388608/211/65536/0	4033/4261.233	통과	mixed-w4-rep01-main-btree.jsonl
mixed-w4-rep01-planned-blink	01	mixed-w4	1	planned-blink	0xd0db2026	2304.366	aggregate ops/s	1152.170		1152.370	4609.132	2304.366	651.006	941.969	1073.489	3.2/4.52/5.36	805.967/993.248/1198.57	5762/5763	49.995662/50.004338	5762/5763	49.995662/50.004338	0	5000/5001	11525/0/0/0	72			37.30	496/0	19.067	10.996975	0.015	5000.651	0.651	111360/8388608/306/65536/0	5763/4357.075	통과	mixed-w4-rep01-planned-blink.jsonl
mixed-w4-rep02-planned-blink	01	mixed-w4	2	planned-blink	0xd0db2027	2337.909	aggregate ops/s	1169.065		1169.265	4676.217	2337.909	653.046	941.168	1094.609	3.16/4.6/5.32	807.767/997.929/1210.171	5850/5851	49.995727/50.004273	5850/5851	49.995727/50.004273	0	5000/5004	11701/0/0/0	59			37.34	497/0	11.594	9.590601	0.021	5000.127	0.127	108800/8388608/298/65536/0	5851/4372.598	통과	mixed-w4-rep02-planned-blink.jsonl
mixed-w4-rep02-main-btree	01	mixed-w4	2	main-btree	0xd0db2027	1564.707	aggregate ops/s	782.400		782.400	3129.413	1564.707	1022.448	1459.492	1844.616	1.88/3.8/4.92	1205.131/1654.814/2040.217	3912/3912	50.000000/50.000000	3912/3912	50.000000/50.000000	0	5000/5000	7824/0/0/0	36			38.00	494/0	14.857	57.896541	0.097	5000.098	0.098	77120/8388608/199/65536/0	3912/4256.657	통과	mixed-w4-rep02-main-btree.jsonl
mixed-w4-rep03-main-btree	01	mixed-w4	3	main-btree	0xd0db2028	1583.431	aggregate ops/s	791.800		791.800	3166.861	1583.431	893.447	1367.932	1937.177	1.6/2.68/4.84	1185.05/1588.494/2641.223	3959/3959	50.000000/50.000000	3959/3959	50.000000/50.000000	0	5000/5000	7918/0/0/0	43			32.29	494/0	17.981	57.993795	0.241	5000.242	0.242	79040/8388608/205/65536/0	3959/4254.153	통과	mixed-w4-rep03-main-btree.jsonl
mixed-w4-rep03-planned-blink	01	mixed-w4	3	planned-blink	0xd0db2028	2300.120	aggregate ops/s	1149.970		1150.170	4600.641	2300.120	648.726	951.569	1113.37	3.24/4.52/5.28	813.127/1008.128/1280.331	5751/5752	49.995653/50.004347	5751/5752	49.995653/50.004347	0	5000/5001	11503/0/0/0	62			35.33	496/0	11.509	9.897937	0.014	5000.315	0.315	104320/8388608/284/65536/0	5752/4384.016	통과	mixed-w4-rep03-planned-blink.jsonl
mixed-w8-rep01-main-btree	01	mixed-w8	1	main-btree	0xd0db2026	806.830	aggregate ops/s	403.439		403.439	3227.319	806.830	1294.291	2754.064	2969.226	2.28/3.76/4.32	2485.101/2840.544/3227.148	2018/2018	50.000000/50.000000	2018/2018	50.000000/50.000000	0	5000/5002	4036/0/0/0	26			32.16	495/0	11.825	56.973848	1.954	5001.955	1.955	71360/8388608/181/65536/0	2018/4413.279	통과	mixed-w8-rep01-main-btree.jsonl
mixed-w8-rep01-planned-blink	01	mixed-w8	1	planned-blink	0xd0db2026	1916.940	aggregate ops/s	958.608		958.608	7667.762	1916.940	660.286	1104.21	2364.26	3.88/5.08/5.96	960.888/1195.21/3769.833	4794/4794	50.000000/50.000000	4794/4794	50.000000/50.000000	0	5000/5001	9588/0/0/0	61			36.74	496/0	15.085	19.79319	0.210	5000.211	0.211	167360/8388608/481/65536/0	4794/4165.048	통과	mixed-w8-rep01-planned-blink.jsonl
mixed-w8-rep02-planned-blink	01	mixed-w8	2	planned-blink	0xd0db2027	2033.216	aggregate ops/s	1016.597		1016.797	8133.665	2033.216	704.846	1071.169	1482.133	3.28/4.8/5.56	899.208/1147.929/2824.544	5084/5085	49.995083/50.004917	5084/5085	49.995083/50.004917	0	5000/5001	10169/0/0/0	50			37.44	496/0	11.324	15.995408	0.023	5000.877	0.877	163200/8388608/468/65536/0	5085/4195.587	통과	mixed-w8-rep02-planned-blink.jsonl
mixed-w8-rep02-main-btree	01	mixed-w8	2	main-btree	0xd0db2027	791.826	aggregate ops/s	395.921		395.921	3167.304	791.826	1352.771	2809.784	3081.066	2.84/4.24/5.04	2532.462/2898.105/3734.232	1980/1980	50.000000/50.000000	1980/1980	50.000000/50.000000	0	5000/5001	3960/0/0/0	22			31.98	495/0	13.546	56.487589	0.967	5000.982	0.982	72960/8388608/186/65536/0	1980/4416.903	통과	mixed-w8-rep02-main-btree.jsonl
mixed-w8-rep03-main-btree	01	mixed-w8	3	main-btree	0xd0db2028	777.962	aggregate ops/s	389.000		389.000	3111.849	777.962	1363.212	2839.864	3356.469	2.44/3.28/4.16	2565.662/2943.985/4079.875	1945/1945	50.000000/50.000000	1945/1945	50.000000/50.000000	0	5000/5000	3890/0/0/0	23			32.38	495/0	15.063	56.697257	0.130	5000.130	0.130	71680/8388608/182/65536/0	1945/4440.395	통과	mixed-w8-rep03-main-btree.jsonl
mixed-w8-rep03-planned-blink	01	mixed-w8	3	planned-blink	0xd0db2028	1760.303	aggregate ops/s	880.224		880.224	7041.212	1760.303	711.006	1186.611	3693.752	3.84/5.32/6.0	966.489/2542.142/4103.355	4402/4402	50.000000/50.000000	4402/4402	50.000000/50.000000	0	5000/5001	8804/0/0/0	49			36.78	496/0	11.675	21.39396	0.314	5000.315	0.315	136960/8388608/386/65536/0	4402/4246.543	통과	mixed-w8-rep03-planned-blink.jsonl
