조건	외부 반복	seed	main 처리량	planned 처리량	planned/main	처리량 기준
get	1	3504021542	1246769.800	1240406.400	0.9949	성공 읽기/s
get	2	3504021543	1240290.400	1239439.200	0.9993	성공 읽기/s
get	3	3504021544	1236694.400	1225307.000	0.9908	성공 읽기/s
query16	1	3504021542	209874.400	146116.400	0.6962	성공 Query/s
query16	2	3504021543	210243.000	145487.800	0.6920	성공 Query/s
query16	3	3504021544	210288.400	145980.400	0.6942	성공 Query/s
mixed-w4	1	3504021542	1613.046	2304.366	1.4286	aggregate ops/s
mixed-w4	2	3504021543	1564.707	2337.909	1.4942	aggregate ops/s
mixed-w4	3	3504021544	1583.431	2300.120	1.4526	aggregate ops/s
mixed-w8	1	3504021542	806.830	1916.940	2.3759	aggregate ops/s
mixed-w8	2	3504021543	791.826	2033.216	2.5678	aggregate ops/s
mixed-w8	3	3504021544	777.962	1760.303	2.2627	aggregate ops/s
