variant,engine,collection_policy,blink_workers,parallel_background_min_operations,blink_read_observational_metrics_enabled,clients,read_percent,write_percent,working_set,transaction_width,distribution,key_size,value_size,value_mode,sync_contract,warmup_ms,duration_ms,git_commit,repetitions,seeds,trace_hashes,aggregate_ops_per_second_median,aggregate_ops_per_second_min,aggregate_ops_per_second_max,read_ops_per_second_median,read_ops_per_second_min,read_ops_per_second_max,write_tx_per_second_median,write_tx_per_second_min,write_tx_per_second_max,read_p50_us_median,read_p50_us_min,read_p50_us_max,read_p95_us_median,read_p95_us_min,read_p95_us_max,read_p99_us_median,read_p99_us_min,read_p99_us_max,write_p50_us_median,write_p50_us_min,write_p50_us_max,write_p95_us_median,write_p95_us_min,write_p95_us_max,write_p99_us_median,write_p99_us_min,write_p99_us_max,successful_read_percent_median,successful_read_percent_min,successful_read_percent_max,successful_write_percent_median,successful_write_percent_min,successful_write_percent_max,errors_median,errors_min,errors_max,conflicts_median,conflicts_min,conflicts_max,overloads_median,overloads_min,overloads_max,cpu_utilization_percent_one_core_median,cpu_utilization_percent_one_core_min,cpu_utilization_percent_one_core_max,cpu_seconds_median,cpu_seconds_min,cpu_seconds_max,rss_end_kib_median,rss_end_kib_min,rss_end_kib_max,rss_hwm_kib_median,rss_hwm_kib_min,rss_hwm_kib_max,avg_transactions_per_group_median,avg_transactions_per_group_min,avg_transactions_per_group_max,parallel_groups_delta_median,parallel_groups_delta_min,parallel_groups_delta_max,avg_transactions_per_wal_sync_median,avg_transactions_per_wal_sync_min,avg_transactions_per_wal_sync_max,wal_syncs_delta_median,wal_syncs_delta_min,wal_syncs_delta_max,wal_bytes_delta_median,wal_bytes_delta_min,wal_bytes_delta_max,wal_bytes_per_sync_median,wal_bytes_per_sync_min,wal_bytes_per_sync_max,wal_sync_nanos_total_median,wal_sync_nanos_total_min,wal_sync_nanos_total_max,wal_sync_average_us_median,wal_sync_average_us_min,wal_sync_average_us_max,page_images_delta_median,page_images_delta_min,page_images_delta_max,wal_page_image_records_delta_median,wal_page_image_records_delta_min,wal_page_image_records_delta_max,wal_page_delta_spans_delta_median,wal_page_delta_spans_delta_min,wal_page_delta_spans_delta_max,wal_page_delta_changed_bytes_delta_median,wal_page_delta_changed_bytes_delta_min,wal_page_delta_changed_bytes_delta_max,superblock_images_emitted_median,superblock_images_emitted_min,superblock_images_emitted_max,superblock_images_elided_median,superblock_images_elided_min,superblock_images_elided_max,physical_execution_nanos_median,physical_execution_nanos_min,physical_execution_nanos_max,planning_nanos_median,planning_nanos_min,planning_nanos_max,mutations_planned_median,mutations_planned_min,mutations_planned_max,coalesced_mutations_median,coalesced_mutations_min,coalesced_mutations_max,parallel_workers_median,parallel_workers_min,parallel_workers_max,blink_workers_median,blink_workers_min,blink_workers_max,parallel_worker_dispatches_delta_median,parallel_worker_dispatches_delta_min,parallel_worker_dispatches_delta_max,parallel_background_worker_dispatches_delta_median,parallel_background_worker_dispatches_delta_min,parallel_background_worker_dispatches_delta_max,parallel_background_dispatches_per_parallel_group_median,parallel_background_dispatches_per_parallel_group_min,parallel_background_dispatches_per_parallel_group_max,parallel_worker_nanos_total_median,parallel_worker_nanos_total_min,parallel_worker_nanos_total_max,paired_aggregate_ops_per_second_ratio_median,paired_aggregate_ops_per_second_ratio_min,paired_aggregate_ops_per_second_ratio_max,paired_read_ops_per_second_ratio_median,paired_read_ops_per_second_ratio_min,paired_read_ops_per_second_ratio_max,paired_write_tx_per_second_ratio_median,paired_write_tx_per_second_ratio_min,paired_write_tx_per_second_ratio_max
parallel-blink-main-parity-borrowed,parallel-blink,main-parity,2,0,True,4,20,80,10000,1,uniform,16,512,changing,durable-return,2000,5000,81f6ce268a26e6521d62de7cd50797052b408c9b,3,983318520;983318521;983318522,fb65f5be92093c8b;1b510a0c3193e9f4;33f367d3de463e1b,4896.445899,4826.278327,5083.41121,979.529065,967.614726,1019.681305,3916.916835,3858.663601,4063.729906,2.84,2.72,2.84,6.12,5.6,6.12,9.2,9.16,9.2,948.689,923.888,976.968,1400.252,1334.692,1553.294,2025.058,1948.777,2052.858,20.048879,20.004899,20.058997,79.951121,79.941003,79.995101,0.0,0.0,0.0,0.0,0.0,0.0,0.0,0.0,0.0,20.791721,20.590101,21.193376,,,,57540.0,37676.0,58520.0,87180.0,87012.0,87256.0,3.872904,3.837446,3.885064,5034.0,4912.0,5163.0,3.872904,3.837446,3.885064,5106.0,4968.0,5248.0,13115991.0,12919155.0,13604979.0,2592.412157012195,2568.74089306698,2600.474033816425,4239748132.0,4213136716.0,4243802073.0,831.140241480611,802.8080632621951,853.4114597423511,0.0,0.0,0.0,0.0,0.0,0.0,78376.0,77204.0,81300.0,10098515.0,9946801.0,10474929.0,0.0,0.0,0.0,19594.0,19301.0,20325.0,241588222.0,237010174.0,259538355.0,61315669.0,60646795.0,62116332.0,19594.0,19301.0,20325.0,0.0,0.0,1.0,0.0,0.0,0.0,2.0,2.0,2.0,10068.0,9824.0,10326.0,5034.0,4912.0,5163.0,1.0,1.0,1.0,181168056.0,176884666.0,186264176.0,,,,,,,,,
rocksdb,rocksdb,not-applicable,,,,4,20,80,10000,1,uniform,16,512,changing,durable-return,2000,5000,81f6ce268a26e6521d62de7cd50797052b408c9b,3,983318520;983318521;983318522,fb65f5be92093c8b;1b510a0c3193e9f4;33f367d3de463e1b,3355.010353137075,3317.192692342517,3433.263836864994,671.8018347163631,663.8784579285766,687.7723968562532,2683.208518420712,2653.3142344139405,2745.491440008741,3.48,3.4010000000000002,3.52,11.92,11.68,12.04,15.760000000000002,14.600000000000001,15.8,1646.534,1639.455,1675.655,2110.018,2064.858,2133.018,2806.904,2345.1800000000003,2821.704,20.0238379022646,20.013261799987944,20.032611227579782,79.9761620977354,79.96738877242022,79.98673820001206,0.0,0.0,0.0,0.0,0.0,0.0,,,,16.59510484567206,16.19703466632973,16.994376085110908,0.83,0.81,0.85,24540.0,24464.0,24572.0,37208.0,37164.0,37504.0,,,,,,,,,,,,,,,,,,,,,,,,,,,,,,,,,,,,,,,,,,,,,,,,,,,,,,,,,,,,,,,,,,,,,,,,,,,,,,,,,
parallel-blink-main-parity-borrowed,parallel-blink,main-parity,2,0,True,4,50,50,10000,1,uniform,16,512,changing,durable-return,2000,5000,81f6ce268a26e6521d62de7cd50797052b408c9b,3,983590950;983590951;983590952,3bf0cbd390d4fbe7;a451bed7767f9d38;b441d599ff84fe8b,7988.689864,7853.695551,7992.86722,3998.732882,3928.74717,3998.843631,3989.846233,3924.948381,3994.134339,2.56,2.56,2.6,4.16,4.12,4.24,8.721,8.64,8.84,940.768,932.048,951.888,1400.092,1387.572,1416.892,1975.697,1960.817,1992.417,50.028767,50.024185,50.056313,49.971233,49.943687,49.975815,0.0,0.0,0.0,0.0,0.0,0.0,0.0,0.0,0.0,21.79305,21.393813,21.993031,,,,56968.0,14200.0,58476.0,87176.0,87008.0,87192.0,3.876019,3.875049,3.89214,5076.0,4997.0,5086.0,3.876019,3.875049,3.89214,5127.0,5066.0,5154.0,13357939.0,13139749.0,13371746.0,2594.440434613892,2593.7127911567313,2605.410376438463,4197587369.0,4195367585.0,4218671672.0,822.8343421103959,814.0022477687232,828.580214962495,0.0,0.0,0.0,0.0,0.0,0.0,79820.0,78524.0,79908.0,10284869.0,10116575.0,10295288.0,0.0,0.0,0.0,19955.0,19631.0,19977.0,249098804.0,247707951.0,257220309.0,61070930.0,60713837.0,61329797.0,19955.0,19631.0,19977.0,0.0,0.0,0.0,0.0,0.0,0.0,2.0,2.0,2.0,10152.0,9994.0,10172.0,5076.0,4997.0,5086.0,1.0,1.0,1.0,181868447.0,180907629.0,184574545.0,,,,,,,,,
rocksdb,rocksdb,not-applicable,,,,4,50,50,10000,1,uniform,16,512,changing,durable-return,2000,5000,81f6ce268a26e6521d62de7cd50797052b408c9b,3,983590950;983590951;983590952,3bf0cbd390d4fbe7;a451bed7767f9d38;b441d599ff84fe8b,5394.520091094098,5310.90007435484,5399.336366487328,2699.2594970263276,2659.649483730679,2699.668183243664,2695.26059406777,2651.2505906241613,2699.668183243664,2.96,2.92,3.0,5.92,5.800000000000001,6.0,13.72,13.48,14.16,1657.094,1643.615,1660.375,2115.138,2063.3779999999997,2118.379,2444.621,2355.06,2496.3810000000003,50.03706449221646,50.0,50.07907221929362,49.96293550778354,49.92092778070638,50.0,0.0,0.0,0.0,0.0,0.0,0.0,,,,17.195282721797344,16.597812567642585,17.197886204367045,0.86,0.83,0.86,26148.0,26112.0,26220.0,38264.0,38196.0,38388.0,,,,,,,,,,,,,,,,,,,,,,,,,,,,,,,,,,,,,,,,,,,,,,,,,,,,,,,,,,,,,,,,,,,,,,,,,,,,,,,,,
parallel-blink-main-parity-borrowed,parallel-blink,main-parity,2,0,True,4,95,5,10000,1,uniform,16,512,changing,durable-return,2000,5000,81f6ce268a26e6521d62de7cd50797052b408c9b,3,983999595;983999596;983999597,65186fec10feb85d;c473fa79d6030284;a96b196f68ecba19,66160.259431,62201.22968,69716.297489,62852.62589,59091.356146,66231.046924,3307.633541,3109.873534,3485.250566,2.0,1.96,2.08,3.0,2.92,3.08,5.68,5.52,5.76,1099.289,1048.729,1159.17,1813.815,1411.652,1946.776,2247.939,2089.178,2434.821,95.000574,95.000302,95.000809,4.999426,4.999191,4.999698,0.0,0.0,0.0,0.0,0.0,0.0,0.0,0.0,0.0,33.949025,33.633087,35.442555,,,,74312.0,37308.0,74748.0,87116.0,87000.0,87228.0,3.816359,3.81344,3.899424,4305.0,4096.0,4469.0,3.816359,3.81344,3.899424,4340.0,4122.0,4514.0,11097880.0,10532818.0,11791767.0,2557.115207373272,2555.268801552644,2612.2656180770937,3835540127.0,3806447984.0,3867274131.0,883.7650062211982,843.2538732831192,938.2033311499272,0.0,0.0,0.0,0.0,0.0,0.0,66252.0,62876.0,70408.0,8547178.0,8112092.0,9081059.0,0.0,0.0,0.0,16563.0,15719.0,17602.0,270697444.0,243733036.0,275438652.0,44981126.0,44700696.0,46310261.0,16563.0,15719.0,17602.0,0.0,0.0,0.0,0.0,0.0,0.0,2.0,2.0,2.0,8610.0,8192.0,8938.0,4305.0,4096.0,4469.0,1.0,1.0,1.0,148644958.0,144547717.0,158639306.0,,,,,,,,,
rocksdb,rocksdb,not-applicable,,,,4,95,5,10000,1,uniform,16,512,changing,durable-return,2000,5000,81f6ce268a26e6521d62de7cd50797052b408c9b,3,983999595;983999596;983999597,65186fec10feb85d;c473fa79d6030284;a96b196f68ecba19,51179.607557020354,45483.00232459851,51516.40279931275,48620.627179169336,43209.232069749414,48940.96263576509,2558.9803778510177,2273.7702548490925,2575.4401635476584,2.4,2.32,2.4,4.48,4.279999999999999,4.52,9.44,9.32,9.84,1597.734,1528.773,1616.573,2230.0190000000002,2202.219,2646.343,2600.2619999999997,2528.022,6086.973,95.00073758336633,95.0,95.00083517217733,4.99926241663367,4.999164827822662,5.0,0.0,0.0,0.0,0.0,0.0,0.0,,,,28.998200319491414,26.990150743394658,29.388290276882785,1.45,1.35,1.47,47732.0,38852.0,54272.0,63460.0,60468.0,63712.0,,,,,,,,,,,,,,,,,,,,,,,,,,,,,,,,,,,,,,,,,,,,,,,,,,,,,,,,,,,,,,,,,,,,,,,,,,,,,,,,,
parallel-blink-main-parity-borrowed,parallel-blink,main-parity,2,0,True,16,20,80,10000,1,uniform,16,512,changing,durable-return,2000,5000,81f6ce268a26e6521d62de7cd50797052b408c9b,3,995426520;995426521;995426522,78bbe949119f9b68;303b8140f9fd7913;62a5a4f5565369e0,14288.038755,14266.176591,14779.679782,2858.767251,2854.994699,2958.774781,11429.271504,11411.181892,11820.905001,2.76,2.72,2.76,6.24,6.2,6.24,8.0,7.84,8.041,1299.411,1268.931,1301.612,2251.419,2119.218,2255.38,2802.664,2650.222,2973.425,20.012333,20.008115,20.019208,79.987667,79.980792,79.991885,0.0,0.0,0.0,0.0,0.0,0.0,0.0,0.0,0.0,34.585086,34.387891,34.985513,,,,37416.0,27132.0,62096.0,87220.0,87068.0,87304.0,15.183825,15.140625,15.215903,3752.0,3732.0,3861.0,15.183825,15.140625,15.215903,3776.0,3759.0,3886.0,38221553.0,38157742.0,39530365.0,10151.035381750466,10122.233315677966,10172.507720020587,3715517965.0,3700811378.0,3723618112.0,984.5201856876829,956.1291726711271,986.1276779661017,0.0,0.0,0.0,0.0,0.0,0.0,228684.0,228304.0,236516.0,29417219.0,29368038.0,30424499.0,0.0,0.0,0.0,57171.0,57076.0,59129.0,387952656.0,374618579.0,389789915.0,130677811.0,130385444.0,132741714.0,57171.0,57076.0,59129.0,0.0,0.0,0.0,0.0,0.0,0.0,2.0,2.0,2.0,7504.0,7464.0,7722.0,3752.0,3732.0,3861.0,1.0,1.0,1.0,396932057.0,393975257.0,404543158.0,,,,,,,,,
rocksdb,rocksdb,not-applicable,,,,16,20,80,10000,1,uniform,16,512,changing,durable-return,2000,5000,81f6ce268a26e6521d62de7cd50797052b408c9b,3,995426520;995426521;995426522,78bbe949119f9b68;303b8140f9fd7913;62a5a4f5565369e0,10564.700155375045,10025.46900793204,10629.547414893059,2115.259218876424,2007.3730897560515,2127.1889951561493,8449.440936498622,8018.095918175989,8502.35841973691,3.44,3.44,3.52,10.68,10.4,11.16,14.921,14.879999999999999,16.32,1966.617,1958.777,2047.6169999999997,2486.502,2479.701,2643.142,3066.546,3006.866,3111.626,20.021952234964612,20.012037315678604,20.022734977963026,79.97804776503538,79.97726502203697,79.9879626843214,0.0,0.0,0.0,0.0,0.0,0.0,,,,33.58719466036025,30.590446487318314,33.58823712393565,1.68,1.53,1.68,34228.0,34224.0,34524.0,65212.0,65048.0,66068.0,,,,,,,,,,,,,,,,,,,,,,,,,,,,,,,,,,,,,,,,,,,,,,,,,,,,,,,,,,,,,,,,,,,,,,,,,,,,,,,,,
parallel-blink-main-parity-borrowed,parallel-blink,main-parity,2,0,True,16,50,50,10000,1,uniform,16,512,changing,durable-return,2000,5000,81f6ce268a26e6521d62de7cd50797052b408c9b,3,995698950;995698951;995698952,e1d75fb5c2b7c3d8;ba857b030f6ba634;032b8ac6212b4e33,22735.359745,21687.664393,23303.231288,11371.077207,10845.331551,11651.615644,11364.282538,10842.332842,11651.615644,2.4,2.36,2.48,3.68,3.68,3.84,7.0,6.84,7.56,1285.491,1273.131,1349.531,2259.779,2186.019,2407.7,2773.144,2609.383,3506.59,50.006913,50.0,50.014943,49.993087,49.985057,50.0,0.0,0.0,0.0,0.0,0.0,0.0,0.0,0.0,0.0,35.572087,34.98494,35.974113,,,,63044.0,15916.0,65200.0,87236.0,87112.0,87244.0,15.010299,14.97656,15.230272,3741.0,3544.0,3841.0,15.010299,14.97656,15.230272,3797.0,3561.0,3884.0,38023638.0,36265884.0,38980690.0,10036.222966014418,10014.126415591256,10184.185341196293,3698594925.0,3661246693.0,3700482207.0,974.0834672109561,952.750310762101,1028.1512757652345,0.0,0.0,0.0,0.0,0.0,0.0,227464.0,216940.0,233200.0,29266274.0,27913694.0,30002490.0,0.0,0.0,0.0,56866.0,54235.0,58300.0,382397869.0,381997974.0,394720057.0,124320325.0,122426121.0,125442734.0,56866.0,54235.0,58300.0,0.0,0.0,0.0,0.0,0.0,0.0,2.0,2.0,2.0,7482.0,7088.0,7682.0,3741.0,3544.0,3841.0,1.0,1.0,1.0,399763510.0,377145517.0,402906597.0,,,,,,,,,
rocksdb,rocksdb,not-applicable,,,,16,50,50,10000,1,uniform,16,512,changing,durable-return,2000,5000,81f6ce268a26e6521d62de7cd50797052b408c9b,3,995698950;995698951;995698952,e1d75fb5c2b7c3d8;ba857b030f6ba634;032b8ac6212b4e33,15932.131814379303,15191.236395894168,16566.297347018382,7967.3654774682855,7597.617570992082,8287.14729705421,7964.766336911019,7593.618824902085,8279.150049964172,3.08,3.04,3.08,5.68,5.640000000000001,5.88,12.0,11.84,12.84,2042.898,1993.337,2133.659,2639.4230000000002,2633.903,2672.3430000000003,3205.1879999999996,3114.227,3242.628,50.01316135825217,50.00815691392573,50.024137098720736,49.98683864174783,49.975862901279264,49.99184308607427,0.0,0.0,0.0,0.0,0.0,0.0,,,,33.588893355449734,32.18990602446645,34.58809366442409,1.68,1.61,1.73,39468.0,35780.0,41212.0,71180.0,68328.0,72556.0,,,,,,,,,,,,,,,,,,,,,,,,,,,,,,,,,,,,,,,,,,,,,,,,,,,,,,,,,,,,,,,,,,,,,,,,,,,,,,,,,
parallel-blink-main-parity-borrowed,parallel-blink,main-parity,2,0,True,16,95,5,10000,1,uniform,16,512,changing,durable-return,2000,5000,81f6ce268a26e6521d62de7cd50797052b408c9b,3,996107595;996107596;996107597,62c5f10df37b1f08;8343c3d7e4125f3e;a09a7ca4dfc0cf88,177607.648096,169011.127646,178966.317081,168728.063049,160560.75956,170018.898661,8879.585046,8450.368085,8947.41842,1.76,1.72,1.8,2.56,2.48,2.6,3.44,3.321,3.48,1659.415,1652.614,1717.095,2721.663,2669.302,2845.944,3307.348,3252.708,4012.115,95.000449,95.000111,95.000501,4.999551,4.999499,4.999889,0.0,0.0,0.0,0.0,0.0,0.0,0.0,0.0,0.0,60.427232,57.876518,62.193973,,,,101068.0,99688.0,101204.0,101068.0,99688.0,101204.0,15.059162,15.006688,15.070541,2941.0,2825.0,2957.0,15.059162,15.006688,15.070541,2958.0,2841.0,2977.0,29818416.0,28537752.0,30032567.0,10080.600405679514,10044.967265047519,10088.198522002016,3093531280.0,3040078831.0,3120782867.0,1048.2979062814914,1045.818553076403,1070.073506159803,0.0,0.0,0.0,0.0,0.0,0.0,178180.0,170536.0,179460.0,22958486.0,21972116.0,23123357.0,0.0,0.0,0.0,44545.0,42634.0,44865.0,368810766.0,361617889.0,402418480.0,78840214.0,77621534.0,82057532.0,44545.0,42634.0,44865.0,0.0,0.0,0.0,0.0,0.0,0.0,2.0,2.0,2.0,5882.0,5650.0,5914.0,2941.0,2825.0,2957.0,1.0,1.0,1.0,298667869.0,290960316.0,302996040.0,,,,,,,,,
rocksdb,rocksdb,not-applicable,,,,16,95,5,10000,1,uniform,16,512,changing,durable-return,2000,5000,81f6ce268a26e6521d62de7cd50797052b408c9b,3,996107595;996107596;996107597,62c5f10df37b1f08;8343c3d7e4125f3e;a09a7ca4dfc0cf88,141901.88423077518,139834.98942619376,142732.19215529136,134806.90998498385,132843.25994839132,135596.1523590649,7094.974245791331,6991.72947780246,7136.039796226429,2.2800000000000002,2.24,2.2800000000000002,3.92,3.84,4.0,7.0,6.92,7.199999999999999,2141.818,2141.5789999999997,2172.619,3303.148,3209.467,3310.9480000000003,4349.358,3990.9539999999997,4496.9980000000005,95.00008454133507,95.0000142979288,95.00039921725403,4.9999154586649235,4.99960078274597,4.999985702071198,0.0,0.0,0.0,0.0,0.0,0.0,,,,64.37870711601788,62.97954776973905,64.98144652338121,3.22,3.15,3.25,117700.0,114752.0,118232.0,136528.0,133564.0,136956.0,,,,,,,,,,,,,,,,,,,,,,,,,,,,,,,,,,,,,,,,,,,,,,,,,,,,,,,,,,,,,,,,,,,,,,,,,,,,,,,,,
