execution_index	read_kind	repetition	seed	variant	engine	binary_sha256	feature_enabled	command	output
1	get	1	3504021542	main-btree	main-btree	9f8cadd3d432b95e9bb9ac4570da70e104fc5ad4254e39bbcb1953251a5a1981	false	["/bench/zfs/db/oci-a1-borrowed-query16-4bc4d42e4d816f4a11428f5423d89a4c35494f9b/bin/phase0-default","--engine","main-btree","--suite","read","--readers","1","--widths","1","--distributions","uniform","--read-kinds","get","--duration","5000ms","--warmup","1000ms","--repetitions","1","--tokio-workers","2","--cache-capacity","256","--working-set","4096","--key-size","16","--value-size","64","--read-limit","16","--sync-mode","real","--seed","3504021542","--output","/bench/zfs/db/oci-a1-borrowed-query16-4bc4d42e4d816f4a11428f5423d89a4c35494f9b/raw/readers-1-get-main-btree-rep1.jsonl"]	/bench/zfs/db/oci-a1-borrowed-query16-4bc4d42e4d816f4a11428f5423d89a4c35494f9b/raw/readers-1-get-main-btree-rep1.jsonl
2	get	1	3504021542	blink-metrics-on	parallel-blink	9f8cadd3d432b95e9bb9ac4570da70e104fc5ad4254e39bbcb1953251a5a1981	false	["/bench/zfs/db/oci-a1-borrowed-query16-4bc4d42e4d816f4a11428f5423d89a4c35494f9b/bin/phase0-default","--engine","parallel-blink","--suite","read","--readers","1","--widths","1","--distributions","uniform","--read-kinds","get","--duration","5000ms","--warmup","1000ms","--repetitions","1","--tokio-workers","2","--cache-capacity","256","--working-set","4096","--key-size","16","--value-size","64","--read-limit","16","--sync-mode","real","--seed","3504021542","--output","/bench/zfs/db/oci-a1-borrowed-query16-4bc4d42e4d816f4a11428f5423d89a4c35494f9b/raw/readers-1-get-blink-metrics-on-rep1.jsonl","--blink-collection-policy","current","--blink-workers","2"]	/bench/zfs/db/oci-a1-borrowed-query16-4bc4d42e4d816f4a11428f5423d89a4c35494f9b/raw/readers-1-get-blink-metrics-on-rep1.jsonl
3	get	1	3504021542	blink-borrowed-pages	parallel-blink	0134a18cc08fef9f31479b18362902378e974bb0aed26f052a0409d54bfe6a0e	true	["/bench/zfs/db/oci-a1-borrowed-query16-4bc4d42e4d816f4a11428f5423d89a4c35494f9b/bin/phase0-borrowed-page-views","--engine","parallel-blink","--suite","read","--readers","1","--widths","1","--distributions","uniform","--read-kinds","get","--duration","5000ms","--warmup","1000ms","--repetitions","1","--tokio-workers","2","--cache-capacity","256","--working-set","4096","--key-size","16","--value-size","64","--read-limit","16","--sync-mode","real","--seed","3504021542","--output","/bench/zfs/db/oci-a1-borrowed-query16-4bc4d42e4d816f4a11428f5423d89a4c35494f9b/raw/readers-1-get-blink-borrowed-pages-rep1.jsonl","--blink-collection-policy","current","--blink-workers","2"]	/bench/zfs/db/oci-a1-borrowed-query16-4bc4d42e4d816f4a11428f5423d89a4c35494f9b/raw/readers-1-get-blink-borrowed-pages-rep1.jsonl
4	get	2	3504021543	blink-borrowed-pages	parallel-blink	0134a18cc08fef9f31479b18362902378e974bb0aed26f052a0409d54bfe6a0e	true	["/bench/zfs/db/oci-a1-borrowed-query16-4bc4d42e4d816f4a11428f5423d89a4c35494f9b/bin/phase0-borrowed-page-views","--engine","parallel-blink","--suite","read","--readers","1","--widths","1","--distributions","uniform","--read-kinds","get","--duration","5000ms","--warmup","1000ms","--repetitions","1","--tokio-workers","2","--cache-capacity","256","--working-set","4096","--key-size","16","--value-size","64","--read-limit","16","--sync-mode","real","--seed","3504021543","--output","/bench/zfs/db/oci-a1-borrowed-query16-4bc4d42e4d816f4a11428f5423d89a4c35494f9b/raw/readers-1-get-blink-borrowed-pages-rep2.jsonl","--blink-collection-policy","current","--blink-workers","2"]	/bench/zfs/db/oci-a1-borrowed-query16-4bc4d42e4d816f4a11428f5423d89a4c35494f9b/raw/readers-1-get-blink-borrowed-pages-rep2.jsonl
5	get	2	3504021543	main-btree	main-btree	9f8cadd3d432b95e9bb9ac4570da70e104fc5ad4254e39bbcb1953251a5a1981	false	["/bench/zfs/db/oci-a1-borrowed-query16-4bc4d42e4d816f4a11428f5423d89a4c35494f9b/bin/phase0-default","--engine","main-btree","--suite","read","--readers","1","--widths","1","--distributions","uniform","--read-kinds","get","--duration","5000ms","--warmup","1000ms","--repetitions","1","--tokio-workers","2","--cache-capacity","256","--working-set","4096","--key-size","16","--value-size","64","--read-limit","16","--sync-mode","real","--seed","3504021543","--output","/bench/zfs/db/oci-a1-borrowed-query16-4bc4d42e4d816f4a11428f5423d89a4c35494f9b/raw/readers-1-get-main-btree-rep2.jsonl"]	/bench/zfs/db/oci-a1-borrowed-query16-4bc4d42e4d816f4a11428f5423d89a4c35494f9b/raw/readers-1-get-main-btree-rep2.jsonl
6	get	2	3504021543	blink-metrics-on	parallel-blink	9f8cadd3d432b95e9bb9ac4570da70e104fc5ad4254e39bbcb1953251a5a1981	false	["/bench/zfs/db/oci-a1-borrowed-query16-4bc4d42e4d816f4a11428f5423d89a4c35494f9b/bin/phase0-default","--engine","parallel-blink","--suite","read","--readers","1","--widths","1","--distributions","uniform","--read-kinds","get","--duration","5000ms","--warmup","1000ms","--repetitions","1","--tokio-workers","2","--cache-capacity","256","--working-set","4096","--key-size","16","--value-size","64","--read-limit","16","--sync-mode","real","--seed","3504021543","--output","/bench/zfs/db/oci-a1-borrowed-query16-4bc4d42e4d816f4a11428f5423d89a4c35494f9b/raw/readers-1-get-blink-metrics-on-rep2.jsonl","--blink-collection-policy","current","--blink-workers","2"]	/bench/zfs/db/oci-a1-borrowed-query16-4bc4d42e4d816f4a11428f5423d89a4c35494f9b/raw/readers-1-get-blink-metrics-on-rep2.jsonl
7	get	3	3504021544	blink-metrics-on	parallel-blink	9f8cadd3d432b95e9bb9ac4570da70e104fc5ad4254e39bbcb1953251a5a1981	false	["/bench/zfs/db/oci-a1-borrowed-query16-4bc4d42e4d816f4a11428f5423d89a4c35494f9b/bin/phase0-default","--engine","parallel-blink","--suite","read","--readers","1","--widths","1","--distributions","uniform","--read-kinds","get","--duration","5000ms","--warmup","1000ms","--repetitions","1","--tokio-workers","2","--cache-capacity","256","--working-set","4096","--key-size","16","--value-size","64","--read-limit","16","--sync-mode","real","--seed","3504021544","--output","/bench/zfs/db/oci-a1-borrowed-query16-4bc4d42e4d816f4a11428f5423d89a4c35494f9b/raw/readers-1-get-blink-metrics-on-rep3.jsonl","--blink-collection-policy","current","--blink-workers","2"]	/bench/zfs/db/oci-a1-borrowed-query16-4bc4d42e4d816f4a11428f5423d89a4c35494f9b/raw/readers-1-get-blink-metrics-on-rep3.jsonl
8	get	3	3504021544	blink-borrowed-pages	parallel-blink	0134a18cc08fef9f31479b18362902378e974bb0aed26f052a0409d54bfe6a0e	true	["/bench/zfs/db/oci-a1-borrowed-query16-4bc4d42e4d816f4a11428f5423d89a4c35494f9b/bin/phase0-borrowed-page-views","--engine","parallel-blink","--suite","read","--readers","1","--widths","1","--distributions","uniform","--read-kinds","get","--duration","5000ms","--warmup","1000ms","--repetitions","1","--tokio-workers","2","--cache-capacity","256","--working-set","4096","--key-size","16","--value-size","64","--read-limit","16","--sync-mode","real","--seed","3504021544","--output","/bench/zfs/db/oci-a1-borrowed-query16-4bc4d42e4d816f4a11428f5423d89a4c35494f9b/raw/readers-1-get-blink-borrowed-pages-rep3.jsonl","--blink-collection-policy","current","--blink-workers","2"]	/bench/zfs/db/oci-a1-borrowed-query16-4bc4d42e4d816f4a11428f5423d89a4c35494f9b/raw/readers-1-get-blink-borrowed-pages-rep3.jsonl
9	get	3	3504021544	main-btree	main-btree	9f8cadd3d432b95e9bb9ac4570da70e104fc5ad4254e39bbcb1953251a5a1981	false	["/bench/zfs/db/oci-a1-borrowed-query16-4bc4d42e4d816f4a11428f5423d89a4c35494f9b/bin/phase0-default","--engine","main-btree","--suite","read","--readers","1","--widths","1","--distributions","uniform","--read-kinds","get","--duration","5000ms","--warmup","1000ms","--repetitions","1","--tokio-workers","2","--cache-capacity","256","--working-set","4096","--key-size","16","--value-size","64","--read-limit","16","--sync-mode","real","--seed","3504021544","--output","/bench/zfs/db/oci-a1-borrowed-query16-4bc4d42e4d816f4a11428f5423d89a4c35494f9b/raw/readers-1-get-main-btree-rep3.jsonl"]	/bench/zfs/db/oci-a1-borrowed-query16-4bc4d42e4d816f4a11428f5423d89a4c35494f9b/raw/readers-1-get-main-btree-rep3.jsonl
10	query	1	3504021542	main-btree	main-btree	9f8cadd3d432b95e9bb9ac4570da70e104fc5ad4254e39bbcb1953251a5a1981	false	["/bench/zfs/db/oci-a1-borrowed-query16-4bc4d42e4d816f4a11428f5423d89a4c35494f9b/bin/phase0-default","--engine","main-btree","--suite","read","--readers","1","--widths","1","--distributions","uniform","--read-kinds","query","--duration","5000ms","--warmup","1000ms","--repetitions","1","--tokio-workers","2","--cache-capacity","256","--working-set","4096","--key-size","16","--value-size","64","--read-limit","16","--sync-mode","real","--seed","3504021542","--output","/bench/zfs/db/oci-a1-borrowed-query16-4bc4d42e4d816f4a11428f5423d89a4c35494f9b/raw/readers-1-query-main-btree-rep1.jsonl"]	/bench/zfs/db/oci-a1-borrowed-query16-4bc4d42e4d816f4a11428f5423d89a4c35494f9b/raw/readers-1-query-main-btree-rep1.jsonl
11	query	1	3504021542	blink-metrics-on	parallel-blink	9f8cadd3d432b95e9bb9ac4570da70e104fc5ad4254e39bbcb1953251a5a1981	false	["/bench/zfs/db/oci-a1-borrowed-query16-4bc4d42e4d816f4a11428f5423d89a4c35494f9b/bin/phase0-default","--engine","parallel-blink","--suite","read","--readers","1","--widths","1","--distributions","uniform","--read-kinds","query","--duration","5000ms","--warmup","1000ms","--repetitions","1","--tokio-workers","2","--cache-capacity","256","--working-set","4096","--key-size","16","--value-size","64","--read-limit","16","--sync-mode","real","--seed","3504021542","--output","/bench/zfs/db/oci-a1-borrowed-query16-4bc4d42e4d816f4a11428f5423d89a4c35494f9b/raw/readers-1-query-blink-metrics-on-rep1.jsonl","--blink-collection-policy","current","--blink-workers","2"]	/bench/zfs/db/oci-a1-borrowed-query16-4bc4d42e4d816f4a11428f5423d89a4c35494f9b/raw/readers-1-query-blink-metrics-on-rep1.jsonl
12	query	1	3504021542	blink-borrowed-pages	parallel-blink	0134a18cc08fef9f31479b18362902378e974bb0aed26f052a0409d54bfe6a0e	true	["/bench/zfs/db/oci-a1-borrowed-query16-4bc4d42e4d816f4a11428f5423d89a4c35494f9b/bin/phase0-borrowed-page-views","--engine","parallel-blink","--suite","read","--readers","1","--widths","1","--distributions","uniform","--read-kinds","query","--duration","5000ms","--warmup","1000ms","--repetitions","1","--tokio-workers","2","--cache-capacity","256","--working-set","4096","--key-size","16","--value-size","64","--read-limit","16","--sync-mode","real","--seed","3504021542","--output","/bench/zfs/db/oci-a1-borrowed-query16-4bc4d42e4d816f4a11428f5423d89a4c35494f9b/raw/readers-1-query-blink-borrowed-pages-rep1.jsonl","--blink-collection-policy","current","--blink-workers","2"]	/bench/zfs/db/oci-a1-borrowed-query16-4bc4d42e4d816f4a11428f5423d89a4c35494f9b/raw/readers-1-query-blink-borrowed-pages-rep1.jsonl
13	query	2	3504021543	blink-borrowed-pages	parallel-blink	0134a18cc08fef9f31479b18362902378e974bb0aed26f052a0409d54bfe6a0e	true	["/bench/zfs/db/oci-a1-borrowed-query16-4bc4d42e4d816f4a11428f5423d89a4c35494f9b/bin/phase0-borrowed-page-views","--engine","parallel-blink","--suite","read","--readers","1","--widths","1","--distributions","uniform","--read-kinds","query","--duration","5000ms","--warmup","1000ms","--repetitions","1","--tokio-workers","2","--cache-capacity","256","--working-set","4096","--key-size","16","--value-size","64","--read-limit","16","--sync-mode","real","--seed","3504021543","--output","/bench/zfs/db/oci-a1-borrowed-query16-4bc4d42e4d816f4a11428f5423d89a4c35494f9b/raw/readers-1-query-blink-borrowed-pages-rep2.jsonl","--blink-collection-policy","current","--blink-workers","2"]	/bench/zfs/db/oci-a1-borrowed-query16-4bc4d42e4d816f4a11428f5423d89a4c35494f9b/raw/readers-1-query-blink-borrowed-pages-rep2.jsonl
14	query	2	3504021543	main-btree	main-btree	9f8cadd3d432b95e9bb9ac4570da70e104fc5ad4254e39bbcb1953251a5a1981	false	["/bench/zfs/db/oci-a1-borrowed-query16-4bc4d42e4d816f4a11428f5423d89a4c35494f9b/bin/phase0-default","--engine","main-btree","--suite","read","--readers","1","--widths","1","--distributions","uniform","--read-kinds","query","--duration","5000ms","--warmup","1000ms","--repetitions","1","--tokio-workers","2","--cache-capacity","256","--working-set","4096","--key-size","16","--value-size","64","--read-limit","16","--sync-mode","real","--seed","3504021543","--output","/bench/zfs/db/oci-a1-borrowed-query16-4bc4d42e4d816f4a11428f5423d89a4c35494f9b/raw/readers-1-query-main-btree-rep2.jsonl"]	/bench/zfs/db/oci-a1-borrowed-query16-4bc4d42e4d816f4a11428f5423d89a4c35494f9b/raw/readers-1-query-main-btree-rep2.jsonl
15	query	2	3504021543	blink-metrics-on	parallel-blink	9f8cadd3d432b95e9bb9ac4570da70e104fc5ad4254e39bbcb1953251a5a1981	false	["/bench/zfs/db/oci-a1-borrowed-query16-4bc4d42e4d816f4a11428f5423d89a4c35494f9b/bin/phase0-default","--engine","parallel-blink","--suite","read","--readers","1","--widths","1","--distributions","uniform","--read-kinds","query","--duration","5000ms","--warmup","1000ms","--repetitions","1","--tokio-workers","2","--cache-capacity","256","--working-set","4096","--key-size","16","--value-size","64","--read-limit","16","--sync-mode","real","--seed","3504021543","--output","/bench/zfs/db/oci-a1-borrowed-query16-4bc4d42e4d816f4a11428f5423d89a4c35494f9b/raw/readers-1-query-blink-metrics-on-rep2.jsonl","--blink-collection-policy","current","--blink-workers","2"]	/bench/zfs/db/oci-a1-borrowed-query16-4bc4d42e4d816f4a11428f5423d89a4c35494f9b/raw/readers-1-query-blink-metrics-on-rep2.jsonl
16	query	3	3504021544	blink-metrics-on	parallel-blink	9f8cadd3d432b95e9bb9ac4570da70e104fc5ad4254e39bbcb1953251a5a1981	false	["/bench/zfs/db/oci-a1-borrowed-query16-4bc4d42e4d816f4a11428f5423d89a4c35494f9b/bin/phase0-default","--engine","parallel-blink","--suite","read","--readers","1","--widths","1","--distributions","uniform","--read-kinds","query","--duration","5000ms","--warmup","1000ms","--repetitions","1","--tokio-workers","2","--cache-capacity","256","--working-set","4096","--key-size","16","--value-size","64","--read-limit","16","--sync-mode","real","--seed","3504021544","--output","/bench/zfs/db/oci-a1-borrowed-query16-4bc4d42e4d816f4a11428f5423d89a4c35494f9b/raw/readers-1-query-blink-metrics-on-rep3.jsonl","--blink-collection-policy","current","--blink-workers","2"]	/bench/zfs/db/oci-a1-borrowed-query16-4bc4d42e4d816f4a11428f5423d89a4c35494f9b/raw/readers-1-query-blink-metrics-on-rep3.jsonl
17	query	3	3504021544	blink-borrowed-pages	parallel-blink	0134a18cc08fef9f31479b18362902378e974bb0aed26f052a0409d54bfe6a0e	true	["/bench/zfs/db/oci-a1-borrowed-query16-4bc4d42e4d816f4a11428f5423d89a4c35494f9b/bin/phase0-borrowed-page-views","--engine","parallel-blink","--suite","read","--readers","1","--widths","1","--distributions","uniform","--read-kinds","query","--duration","5000ms","--warmup","1000ms","--repetitions","1","--tokio-workers","2","--cache-capacity","256","--working-set","4096","--key-size","16","--value-size","64","--read-limit","16","--sync-mode","real","--seed","3504021544","--output","/bench/zfs/db/oci-a1-borrowed-query16-4bc4d42e4d816f4a11428f5423d89a4c35494f9b/raw/readers-1-query-blink-borrowed-pages-rep3.jsonl","--blink-collection-policy","current","--blink-workers","2"]	/bench/zfs/db/oci-a1-borrowed-query16-4bc4d42e4d816f4a11428f5423d89a4c35494f9b/raw/readers-1-query-blink-borrowed-pages-rep3.jsonl
18	query	3	3504021544	main-btree	main-btree	9f8cadd3d432b95e9bb9ac4570da70e104fc5ad4254e39bbcb1953251a5a1981	false	["/bench/zfs/db/oci-a1-borrowed-query16-4bc4d42e4d816f4a11428f5423d89a4c35494f9b/bin/phase0-default","--engine","main-btree","--suite","read","--readers","1","--widths","1","--distributions","uniform","--read-kinds","query","--duration","5000ms","--warmup","1000ms","--repetitions","1","--tokio-workers","2","--cache-capacity","256","--working-set","4096","--key-size","16","--value-size","64","--read-limit","16","--sync-mode","real","--seed","3504021544","--output","/bench/zfs/db/oci-a1-borrowed-query16-4bc4d42e4d816f4a11428f5423d89a4c35494f9b/raw/readers-1-query-main-btree-rep3.jsonl"]	/bench/zfs/db/oci-a1-borrowed-query16-4bc4d42e4d816f4a11428f5423d89a4c35494f9b/raw/readers-1-query-main-btree-rep3.jsonl
