workload	repetition	seed	variant	throughput_ops_s	p50_us	p95_us	p99_us	cpu_one_core_pct	cpu_machine_pct	measurement_rss_peak_bytes	measurement_rss_end_bytes	measurement_rss_samples	measurement_rss_failures	measurement_rss_max_gap_ms	process_hwm_kib	process_samples	process_failures	process_max_gap_ms	errors	overloads	conflicts	active_pins
get	1	3504021542	main-btree	1259296.366	0.56	0.68	0.72	99.583391	49.791695	26337280	25788416	496	0	13.063	52276	322	1	24.823	0	0	0	0
get	1	3504021542	blink-metrics-on	1239794.502	0.6	0.68	0.72	99.990943	49.995472	33632256	30003200	497	0	10.488	42508	320	1	22.295	0	0	0	0
get	1	3504021542	blink-borrowed-pages	1260102.461	0.56	0.68	0.72	99.990625	49.995313	33193984	30085120	496	0	12.495	42024	320	1	23.325	0	0	0	0
get	2	3504021543	main-btree	1254559.492	0.56	0.68	0.72	99.591132	49.795566	26738688	26447872	496	0	10.252	52824	323	1	31.369	0	0	0	0
get	2	3504021543	blink-metrics-on	1236443.714	0.6	0.68	0.72	99.791567	49.895784	33611776	29982720	496	0	12.957	42428	321	1	23.921	0	0	0	0
get	2	3504021543	blink-borrowed-pages	1254045.873	0.56	0.68	0.72	99.391034	49.695517	33538048	29908992	497	0	10.846	42480	320	1	25.943	0	0	0	0
get	3	3504021544	main-btree	1254825.007	0.56	0.68	0.72	99.591524	49.795762	26718208	26169344	497	0	15.180	52676	322	1	31.536	0	0	0	0
get	3	3504021544	blink-metrics-on	1231958.034	0.6	0.68	0.76	99.791174	49.895587	33570816	29941760	496	0	10.486	42516	320	1	22.311	0	0	0	0
get	3	3504021544	blink-borrowed-pages	1256399.591	0.56	0.68	0.72	99.79131	49.895655	33644544	30015488	496	0	11.223	42456	320	1	27.417	0	0	0	0
query	1	3504021542	main-btree	210026.342	3.92	5.08	5.32	99.590015	49.795007	27975680	27414528	496	0	11.793	52848	325	1	20.714	0	0	0	0
query	1	3504021542	blink-metrics-on	145494.142	6.2	7.8	8.0	99.789672	49.894836	33652736	31584256	497	0	10.884	42432	320	1	24.726	0	0	0	0
query	1	3504021542	blink-borrowed-pages	146341.450	6.2	7.76	8.0	99.790078	49.895039	33603584	31535104	496	0	12.162	42448	321	1	23.633	0	0	0	0
query	2	3504021543	main-btree	210303.448	3.92	5.08	5.321	99.591214	49.795607	27873280	27312128	497	0	10.264	52684	323	1	24.754	0	0	0	0
query	2	3504021543	blink-metrics-on	145807.445	6.2	7.761	8.04	99.989744	49.994872	33697792	31629312	497	0	12.921	42544	321	1	22.397	0	0	0	0
query	2	3504021543	blink-borrowed-pages	146690.208	6.2	7.76	8.0	100.189624	50.094812	33501184	31432704	496	0	10.304	42288	321	1	26.471	0	0	0	0
query	3	3504021544	main-btree	210411.310	3.96	5.08	5.32	99.991498	49.995749	27987968	27426816	496	0	10.269	52860	324	1	25.954	0	0	0	0
query	3	3504021544	blink-metrics-on	145966.548	6.2	7.76	8.0	99.99147	49.995735	33583104	31514624	496	0	11.993	42368	321	1	23.558	0	0	0	0
query	3	3504021544	blink-borrowed-pages	146328.398	6.2	7.76	7.96	99.990432	49.995216	33501184	31432704	496	0	12.638	42284	321	1	28.491	0	0	0	0
