filesystem,metric,sample_count,median,coefficient_of_variation_percent,mean,sample_standard_deviation
ext4,fio-seq.iops,5,972.651367,33.67037580501798,904.209116,304.45060742043097
ext4,fio-seq.mb_per_second,5,3.98398,33.670381769967854,3.70364,1.2470297273852375
ext4,fio-seq.sync_mean_ms,5,1.015267056801,45.51992745147436,1.2400749663272,0.5644812250160365
ext4,fio-seq.sync_p50_ms,5,0.67584,61.1678750823298,0.9519104,0.582263364367706
ext4,fio-seq.sync_p95_ms,5,2.179072,13.592396958219688,2.2577152,0.30687761217006354
ext4,fio-seq.sync_p99_ms,5,3.227648,40.59915220646785,4.1254912,1.6749144515524368
ext4,fio-seq.cpu_seconds,5,0.64703235,16.458386206598757,0.597429858884,0.09832731348866668
ext4,fio-seq.device_bytes_written,5,605925376,7.6001816551123165,597549260.8,45414829.29958085
ext4,fio-seq.device_busy_ms,5,18144,0.6101179446323077,18068.0,110.23611023616536
ext4,fio-rand.iops,5,1344.882756,26.68739383888954,1215.6692166,324.43043161218515
ext4,fio-rand.mb_per_second,5,5.508639,26.687395438369105,4.9793806,1.328866991103436
ext4,fio-rand.sync_mean_ms,5,0.732006288078,36.509590617443486,0.8776696396220001,0.3204335923995838
ext4,fio-rand.sync_p50_ms,5,0.643072,59.78007968872669,0.8749056,0.5230192648811323
ext4,fio-rand.sync_p95_ms,5,1.892352,42.56608486231893,1.6089088,0.6848494851653172
ext4,fio-rand.sync_p99_ms,5,2.179072,19.64215898296588,2.1561344,0.42351134673441754
ext4,fio-rand.cpu_seconds,5,0.720036,10.251092322493111,0.7104355200000001,0.07282740104698401
ext4,fio-rand.device_bytes_written,5,142679040,16.545796911573955,149651660.8,24761059.870765533
ext4,fio-rand.device_busy_ms,5,18848,0.5546862436954944,18829.6,104.44520094288679
ext4,fio-rand.write_p50_ms,5,0.008896,10.544564665047556,0.009228799999999999,0.0009731367838079088
ext4,fio-rand.write_p95_ms,5,0.014528,21.39328813016121,0.016473599999999998,0.003524244713410237
ext4,fio-rand.write_p99_ms,5,0.0224,12.539772018386971,0.0221952,0.0027832274790250255
ext4,dodb-width1.tx_per_second,5,11555.612645,2.8947972425743953,11630.407334200001,336.6767108105919
ext4,dodb-width1.p50_us,5,5669.649,1.8324334142861731,5638.8006000000005,103.32726635936922
ext4,dodb-width1.p95_us,5,6429.575,1.8028847364437592,6384.7508,115.10969763317081
ext4,dodb-width1.p99_us,5,8238.95,8.795080236267093,7967.708199999999,700.7663291816325
ext4,dodb-width1.cpu_seconds,5,1.2399492105,2.5302348206575185,1.26182247418,0.03192707161658458
ext4,dodb-width1.wal_sync_count,5,1736,1.4687000086690756,1748.8,25.68462575160479
ext4,dodb-width1.wal_sync_time_ms,5,4132.53846,0.6190073318740308,4126.0211404,25.5403733737485
ext4,dodb-width1.average_group_size,5,33.068867,1.5000410273769431,33.284005,0.4992737305541931
ext4,dodb-width1.groups_per_second,5,346.99180491704976,1.4556058864794938,349.42403247532195,5.086236785484805
ext4,dodb-width1.physical_execution_ms,5,301.537631,2.0755015745382215,303.182438,6.292556274413367
ext4,dodb-width1.device_bytes_written,5,511455232,1.1986795761565856,509048217.6,6101857.017160334
ext4,dodb-width1.device_busy_ms,5,7092,1.0000025477804373,7088.0,70.8801805866774
ext4,dodb-width1.errors,5,0,0.0,0.0,0.0
ext4,dodb-width16.tx_per_second,5,4396.365516,1.920973787575287,4434.7428774,85.19024822121605
ext4,dodb-width16.p50_us,5,17014.185,1.8342866630918102,16853.5998,309.143333382268
ext4,dodb-width16.p95_us,5,18716.76,4.721411916919329,18748.288399999998,885.183922736004
ext4,dodb-width16.p99_us,5,22387.912,6.985766348558345,22330.1832,1559.934423557029
ext4,dodb-width16.cpu_seconds,5,4.459329479519999,0.9441476005729433,4.4753945004819995,0.04225432979247426
ext4,dodb-width16.wal_sync_count,5,561,4.079252833216438,561.8,22.91724241700995
ext4,dodb-width16.wal_sync_time_ms,5,1739.653641,2.9664496691064346,1723.1143986,51.11532137559503
ext4,dodb-width16.average_group_size,5,39.230503,3.192124869587946,39.591538,1.263811330750362
ext4,dodb-width16.groups_per_second,5,111.97604790419162,4.0882335070616405,112.1316168511316,4.584202332117939
ext4,dodb-width16.physical_execution_ms,5,1381.730918,1.2588382494087027,1382.9746758,17.409414198606402
ext4,dodb-width16.device_bytes_written,5,510001152,0.42879304297303905,510323200.0,2188230.378277388
ext4,dodb-width16.device_busy_ms,5,3976,2.264214253804831,3939.2,89.19192788587989
ext4,dodb-width16.errors,5,0,0.0,0.0,0.0
XFS,fio-seq.iops,5,1345.182741,24.230193712494856,1243.3802148,301.2734346288746
XFS,fio-seq.mb_per_second,5,5.509868,24.230193825753194,5.0928848,1.2340158583623229
XFS,fio-seq.sync_mean_ms,5,0.731726581936,31.64128678513486,0.8438269507958,0.2669977054715579
XFS,fio-seq.sync_p50_ms,5,0.651264,36.99864088628521,0.7749632,0.2867258513688642
XFS,fio-seq.sync_p95_ms,5,1.335296,20.95339419183324,1.3099007999999999,0.27446867814597714
XFS,fio-seq.sync_p99_ms,5,1.564672,12.119353216471389,1.6007168,0.1939965229873979
XFS,fio-seq.cpu_seconds,5,0.7950397500000002,2.066694930896502,0.7896395192400001,0.01631943991648859
XFS,fio-seq.device_bytes_written,5,126750208,1.2002365675403963,126757376.0,1521388.3788066742
XFS,fio-seq.device_busy_ms,5,18812,0.3831233810997688,18801.6,72.03332562085413
XFS,fio-rand.iops,5,1438.178091,14.907342276715433,1360.6769076,202.840763896159
XFS,fio-rand.mb_per_second,5,5.890777,14.90734495736147,5.573332,0.8308358268590131
XFS,fio-rand.sync_mean_ms,5,0.682749594716,18.41592867753739,0.7389698179334,0.13608815461914286
XFS,fio-rand.sync_p50_ms,5,0.651264,11.114079315541584,0.6807552,0.07565967287267375
XFS,fio-rand.sync_p95_ms,5,0.88064,32.32645603466086,1.1149312,0.3604177441847168
XFS,fio-rand.sync_p99_ms,5,1.384448,16.087877901700338,1.4925824,0.24012483409426855
XFS,fio-rand.cpu_seconds,5,0.8160408000000001,3.415806320162381,0.8150407491760001,0.02784021342225263
XFS,fio-rand.device_bytes_written,5,125167104,13.687077095985112,134505164.8,18409825.60425783
XFS,fio-rand.device_busy_ms,5,18824,0.5493212374256601,18838.4,103.48333199119557
XFS,fio-rand.write_p50_ms,5,0.00864,2.233542104286165,0.0086912,0.00019412161136771915
XFS,fio-rand.write_p95_ms,5,0.015168,5.012984743015541,0.0154368,0.000773844428809823
XFS,fio-rand.write_p99_ms,5,0.018816,3.734707113192895,0.019020799999999997,0.000710371170586194
XFS,dodb-width1.tx_per_second,5,16481.526448,1.619391115893775,16410.2903526,265.7467840623777
XFS,dodb-width1.p50_us,5,3819.553,1.481201963016919,3847.1292000000003,56.983753230197095
XFS,dodb-width1.p95_us,5,4731.481,0.8225561484606557,4731.7208,38.92106036839173
XFS,dodb-width1.p99_us,5,5770.529,2.253792527090679,5812.4096,130.99965320870123
XFS,dodb-width1.cpu_seconds,5,1.7398641286799998,0.6307165031261593,1.7378544069779998,0.010960934545115493
XFS,dodb-width1.wal_sync_count,5,2524,1.1956747006618724,2539.8,30.367746047410236
XFS,dodb-width1.wal_sync_time_ms,5,3797.138808,0.3118642794729973,3792.8828296,11.828646707787073
XFS,dodb-width1.average_group_size,5,32.206815,1.1629350216155676,32.332408199999996,0.3760048982895035
XFS,dodb-width1.groups_per_second,5,504.4973016190286,1.1994194130646598,507.594715752483,6.08818956042566
XFS,dodb-width1.physical_execution_ms,5,434.639874,1.941655788588832,435.8471802,8.462652003754497
XFS,dodb-width1.device_bytes_written,5,458089984,0.1337292427787302,457986150.4,612461.4109613764
XFS,dodb-width1.device_busy_ms,5,6604,0.8354146123227885,6622.4,55.324497286464336
XFS,dodb-width1.errors,5,0,0.0,0.0,0.0
XFS,dodb-width16.tx_per_second,5,4949.427088,1.501335601982158,4922.2425396,73.89937966292553
XFS,dodb-width16.p50_us,5,14938.488,2.0178889137639473,15000.0324,302.68399086060015
XFS,dodb-width16.p95_us,5,17573.79,3.4195870954499963,17411.3966,595.3978712712194
XFS,dodb-width16.p99_us,5,20046.092,6.9876739239319505,20572.6402,1437.549014719742
XFS,dodb-width16.cpu_seconds,5,4.91935118848,0.5505775787465358,4.921482913898,0.027096581465764064
XFS,dodb-width16.wal_sync_count,5,617,2.3685161136234147,617.2,14.618481453283717
XFS,dodb-width16.wal_sync_time_ms,5,1402.724343,1.1402259423783696,1405.8356134,16.029702371180885
XFS,dodb-width16.average_group_size,5,40.237097,2.7432890365070595,39.9752452,1.0966365188884146
XFS,dodb-width16.groups_per_second,5,123.10454908220272,2.378754125753889,123.19877247858668,2.930595883212527
XFS,dodb-width16.physical_execution_ms,5,1525.440065,0.9446470141810431,1517.4154354,14.334219603228375
XFS,dodb-width16.device_bytes_written,5,501219840,0.2529132133510962,501074636.8,1267283.9652182143
XFS,dodb-width16.device_busy_ms,5,3644,4.197104282160541,3552.8,149.1147209365997
XFS,dodb-width16.errors,5,0,0.0,0.0,0.0
Btrfs,fio-seq.iops,10,364.82027700000003,2.965816213334273,360.5109056,10.692090889123016
Btrfs,fio-seq.mb_per_second,10,1.4943035,2.9658291343823397,1.4766523,0.04379498412692691
Btrfs,fio-seq.sync_mean_ms,10,2.7206363953509998,2.969194209505956,2.7525159926606,0.08172754546980393
Btrfs,fio-seq.sync_p50_ms,10,2.70336,4.1708698155698025,2.7328512,0.11398366580523712
Btrfs,fio-seq.sync_p95_ms,10,3.244032,2.058369884760778,3.2538624,0.06697652373315428
Btrfs,fio-seq.sync_p99_ms,10,3.60448,3.583976624570996,3.6175872,0.12965347962147242
Btrfs,fio-seq.cpu_seconds,10,1.81209058641,2.0114658153042315,1.81019053327,0.03641136376859942
Btrfs,fio-seq.device_bytes_written,10,1220800512.0,2.5278689879434135,1214058700.8,30689813.392951917
Btrfs,fio-seq.device_busy_ms,10,17970.0,0.563165730301375,17953.6,101.10852255538765
Btrfs,fio-rand.iops,10,353.1234475,2.1259544600585922,354.92600419999997,7.545565216197646
Btrfs,fio-rand.mb_per_second,10,1.446393,2.125965005197109,1.4537763,0.030906775391849335
Btrfs,fio-rand.sync_mean_ms,10,2.8023033464425,2.1318237810301532,2.7904657382780003,0.05948781221010905
Btrfs,fio-rand.sync_p50_ms,10,2.801664,3.153404829952851,2.7623424,0.0871078386614355
Btrfs,fio-rand.sync_p95_ms,10,3.342336,1.7672163123886382,3.3226752,0.05871885814209181
Btrfs,fio-rand.sync_p99_ms,10,3.6864,2.5464660836482285,3.6798464,0.09370604050635033
Btrfs,fio-rand.cpu_seconds,10,1.877093881245,2.9997274770276956,1.8646932637,0.055935716193493405
Btrfs,fio-rand.device_bytes_written,10,1236598272.0,2.3117982916512165,1239328102.4,28650765.89923664
Btrfs,fio-rand.device_busy_ms,10,17940.0,0.5729611726812722,17939.6,102.7869425343295
Btrfs,fio-rand.write_p50_ms,10,0.021887999999999998,13.436632885826535,0.0224256,0.0030132455444439156
Btrfs,fio-rand.write_p95_ms,10,0.033280000000000004,5.157776238528668,0.0331264,0.0017085855878799607
Btrfs,fio-rand.write_p99_ms,10,0.041216,9.90332152637797,0.041215999999999996,0.004081753000311944
Btrfs,dodb-width1.tx_per_second,10,9617.295655,0.8167226336097538,9627.2191174,78.62767751901097
Btrfs,dodb-width1.p50_us,10,6563.7765,0.8191345197466603,6560.8322,53.74204133285425
Btrfs,dodb-width1.p95_us,10,7502.504,1.9366834913264914,7551.4845000000005,146.24835366157885
Btrfs,dodb-width1.p99_us,10,9987.385,1.6698640357211865,9983.6094,166.71270283747972
Btrfs,dodb-width1.cpu_seconds,10,1.3598498968400001,1.414537788139264,1.348882276161,0.01908044951381037
Btrfs,dodb-width1.wal_sync_count,10,1511.0,1.1730006344093133,1510.9,17.722866585290316
Btrfs,dodb-width1.wal_sync_time_ms,10,4233.1837555,0.2068507689544495,4234.6656614,8.759438483255925
Btrfs,dodb-width1.average_group_size,10,31.816617,0.5328362292428074,31.8984753,0.1699666329744683
Btrfs,dodb-width1.groups_per_second,10,301.8679482722631,1.1834568725942618,301.84831555223803,3.5722446352129746
Btrfs,dodb-width1.physical_execution_ms,10,263.436357,1.1681155229150324,263.9277098,3.0829805474479395
Btrfs,dodb-width1.device_bytes_written,10,791662592.0,0.9681285025472488,789523865.6,7643605.577286433
Btrfs,dodb-width1.device_busy_ms,10,7418.0,1.0521172858420675,7396.0,77.81459446087932
Btrfs,dodb-width1.errors,10,0.0,0.0,0.0,0.0
Btrfs,dodb-width16.tx_per_second,10,4177.1311045,1.2158893430121054,4152.6268266,50.49134703969118
Btrfs,dodb-width16.p50_us,10,17563.4305,1.020612692371146,17586.7945,179.49305684823065
Btrfs,dodb-width16.p95_us,10,19479.307,2.8380002306722005,19683.9485,558.6305038353971
Btrfs,dodb-width16.p99_us,10,23569.0415,6.073383723608673,23458.096700000002,1424.7002268461833
Btrfs,dodb-width16.cpu_seconds,10,4.289532095625001,0.8742568517580426,4.295608709943,0.03755465347139194
Btrfs,dodb-width16.wal_sync_count,10,544.0,1.9991075860636045,543.1,10.857153299911436
Btrfs,dodb-width16.wal_sync_time_ms,10,1933.0847064999998,1.9085237725925623,1932.1061032000002,36.87470429128379
Btrfs,dodb-width16.average_group_size,10,38.138288,1.9509732088730174,38.338460500000004,0.7479730930493643
Btrfs,dodb-width16.groups_per_second,10,108.55043485337843,1.9947790254236688,108.35552854916573,2.1614533563857132
Btrfs,dodb-width16.physical_execution_ms,10,1295.9272175,1.0613724082412044,1297.3202563999998,13.769399247953647
Btrfs,dodb-width16.device_bytes_written,10,619820544.0,0.6572499069492403,620557772.8,4078615.3842942775
Btrfs,dodb-width16.device_busy_ms,10,4388.0,1.7751988693687604,4382.4,77.79631525121654
Btrfs,dodb-width16.errors,10,0.0,0.0,0.0,0.0
ZFS,fio-seq.iops,5,1275.636218,0.5435121000205262,1274.6562672,6.927911045901968
ZFS,fio-seq.mb_per_second,5,5.225005,0.5435093587353987,5.2209914,0.02837657687777032
ZFS,fio-seq.sync_mean_ms,5,0.76482439496,0.5900461929113343,0.7654640425186,0.004516591440986197
ZFS,fio-seq.sync_p50_ms,5,0.724992,0.7989907132051363,0.724992,0.005792618751480181
ZFS,fio-seq.sync_p95_ms,5,1.04448,1.485284399150748,1.0428416,0.015489163592654048
ZFS,fio-seq.sync_p99_ms,5,1.400832,2.1147732391833465,1.4073856,0.029763014040919973
ZFS,fio-seq.cpu_seconds,5,0.9810490499999999,1.9171977528792774,0.98584929,0.01890068043465631
ZFS,fio-seq.device_bytes_written,5,318355968,1.6121199788116145,316415590.4,5100998.948913124
ZFS,fio-seq.device_busy_ms,5,17236,0.6780411726276571,17287.2,117.21433359448835
ZFS,fio-rand.iops,5,1287.385631,0.9745908814396613,1288.2755862,12.555416390918543
ZFS,fio-rand.mb_per_second,5,5.273131,0.9745913603813827,5.2767764,0.05142700690104376
ZFS,fio-rand.sync_mean_ms,5,0.7560373088660001,0.921416357545325,0.755647490076,0.00696265957894095
ZFS,fio-rand.sync_p50_ms,5,0.7168,0.8081220356417664,0.7168,0.005792618751480181
ZFS,fio-rand.sync_p95_ms,5,1.028096,1.819912889224485,1.0264576,0.01868063416482431
ZFS,fio-rand.sync_p99_ms,5,1.417216,2.1628077380196196,1.417216,0.030651657312452132
ZFS,fio-rand.cpu_seconds,5,1.0400520000000002,2.6681826456782045,1.0486524300000002,0.027979962150742787
ZFS,fio-rand.device_bytes_written,5,320640512,1.7949132707680435,319489433.6,5734558.242388057
ZFS,fio-rand.device_busy_ms,5,17280,0.611219948492253,17296.0,105.71660229122008
ZFS,fio-rand.write_p50_ms,5,0.016064,2.36344250060138,0.0159744,0.0003775457588160668
ZFS,fio-rand.write_p95_ms,5,0.03008,2.608039705606725,0.0297728,0.0007764864454708789
ZFS,fio-rand.write_p99_ms,5,0.039168,3.382206176499431,0.0394752,0.0013351326525855034
ZFS,dodb-width1.tx_per_second,5,23344.143226,1.3024629522741054,23330.266175,303.868073596312
ZFS,dodb-width1.p50_us,5,2819.904,1.6646503707873552,2832.7763999999997,47.15582284617669
ZFS,dodb-width1.p95_us,5,3375.668,2.234883104306269,3386.0288,75.6737855581443
ZFS,dodb-width1.p99_us,5,4915.122,5.042361207516816,4962.3944,250.22185018958683
ZFS,dodb-width1.cpu_seconds,5,2.3897597960800003,0.3471426239934854,2.39181488387,0.008303008948933053
ZFS,dodb-width1.wal_sync_count,5,3361,1.9074719263539426,3350.8,63.91556930826792
ZFS,dodb-width1.wal_sync_time_ms,5,3255.513087,0.5847723945741098,3257.5638282,19.04933400294518
ZFS,dodb-width1.average_group_size,5,34.911336,0.7060592175708009,34.8413382,0.2460004798861166
ZFS,dodb-width1.groups_per_second,5,671.6626698641088,1.9067695566658334,669.7312947163757,12.770232439115784
ZFS,dodb-width1.physical_execution_ms,5,597.826857,1.0358688830666576,599.5876446,6.210941837123701
ZFS,dodb-width1.device_bytes_written,5,511864832,2.176675257681066,512796160.0,11161907.137058612
ZFS,dodb-width1.device_busy_ms,5,6064,0.7800604180091015,6060.8,47.277901814695625
ZFS,dodb-width1.errors,5,0,0.0,0.0,0.0
ZFS,dodb-width16.tx_per_second,5,4517.32421,3.611398549417572,4476.6231926,161.668705040447
ZFS,dodb-width16.p50_us,5,15547.053,2.2963383346478796,15675.1098,359.9535553355466
ZFS,dodb-width16.p95_us,5,20502.375,5.70895634732241,20534.6636,1172.3149809935044
ZFS,dodb-width16.p99_us,5,24063.126,7.176318984546677,24917.157199999998,1788.134682552939
ZFS,dodb-width16.cpu_seconds,5,4.68910872441,2.588476059949805,4.65334489664,0.12045071863642241
ZFS,dodb-width16.wal_sync_count,5,579,4.295335316601206,575.0,24.698178070456937
ZFS,dodb-width16.wal_sync_time_ms,5,1578.672786,3.1905551208436655,1574.9119446,50.248433697213855
ZFS,dodb-width16.average_group_size,5,39.187608,2.283856024626665,39.0184362,0.8911249058688113
ZFS,dodb-width16.groups_per_second,5,115.59193451786783,4.337553911139377,114.79968218606601,4.979498104637281
ZFS,dodb-width16.physical_execution_ms,5,1440.921808,1.0179611689353223,1440.9658932,14.668473250378028
ZFS,dodb-width16.device_bytes_written,5,528039936,0.8990637575992164,527884390.4,4746017.236109957
ZFS,dodb-width16.device_busy_ms,5,3532,2.6613779086014913,3536.0,94.10632284814874
ZFS,dodb-width16.errors,5,0,0.0,0.0,0.0
