engine	width	boundary	seed	status	detail
main-btree	4	returned	d0db2026	PASS	hook_reached=false;sigkill=true;recovered_rows=4096;target=full
main-btree	4	returned	d0db2027	PASS	hook_reached=false;sigkill=true;recovered_rows=4096;target=full
main-btree	4	returned	d0db2028	PASS	hook_reached=false;sigkill=true;recovered_rows=4096;target=full
main-btree	4	before_wal_append	d0db2026	PASS	hook_reached=true;sigkill=true;recovered_rows=4096;target=absent
main-btree	4	before_wal_append	d0db2027	PASS	hook_reached=true;sigkill=true;recovered_rows=4096;target=absent
main-btree	4	before_wal_append	d0db2028	PASS	hook_reached=true;sigkill=true;recovered_rows=4096;target=absent
main-btree	4	before_wal_sync	d0db2026	PASS	hook_reached=true;sigkill=true;recovered_rows=4096;target=full
main-btree	4	before_wal_sync	d0db2027	PASS	hook_reached=true;sigkill=true;recovered_rows=4096;target=full
main-btree	4	before_wal_sync	d0db2028	PASS	hook_reached=true;sigkill=true;recovered_rows=4096;target=full
main-btree	4	after_wal_sync	d0db2026	PASS	hook_reached=true;sigkill=true;recovered_rows=4096;target=full
main-btree	4	after_wal_sync	d0db2027	PASS	hook_reached=true;sigkill=true;recovered_rows=4096;target=full
main-btree	4	after_wal_sync	d0db2028	PASS	hook_reached=true;sigkill=true;recovered_rows=4096;target=full
main-btree	4	normal_exit	d0db2026	PASS	hook_reached=false;sigkill=false;recovered_rows=4096;target=full
main-btree	8	returned	d0db2026	PASS	hook_reached=false;sigkill=true;recovered_rows=4096;target=full
main-btree	8	returned	d0db2027	PASS	hook_reached=false;sigkill=true;recovered_rows=4096;target=full
main-btree	8	returned	d0db2028	PASS	hook_reached=false;sigkill=true;recovered_rows=4096;target=full
main-btree	8	before_wal_append	d0db2026	PASS	hook_reached=true;sigkill=true;recovered_rows=4096;target=absent
main-btree	8	before_wal_append	d0db2027	PASS	hook_reached=true;sigkill=true;recovered_rows=4096;target=absent
main-btree	8	before_wal_append	d0db2028	PASS	hook_reached=true;sigkill=true;recovered_rows=4096;target=absent
main-btree	8	before_wal_sync	d0db2026	PASS	hook_reached=true;sigkill=true;recovered_rows=4096;target=full
main-btree	8	before_wal_sync	d0db2027	PASS	hook_reached=true;sigkill=true;recovered_rows=4096;target=full
main-btree	8	before_wal_sync	d0db2028	PASS	hook_reached=true;sigkill=true;recovered_rows=4096;target=full
main-btree	8	after_wal_sync	d0db2026	PASS	hook_reached=true;sigkill=true;recovered_rows=4096;target=full
main-btree	8	after_wal_sync	d0db2027	PASS	hook_reached=true;sigkill=true;recovered_rows=4096;target=full
main-btree	8	after_wal_sync	d0db2028	PASS	hook_reached=true;sigkill=true;recovered_rows=4096;target=full
main-btree	8	normal_exit	d0db2026	PASS	hook_reached=false;sigkill=false;recovered_rows=4096;target=full
planned-blink	4	returned	d0db2026	PASS	hook_reached=false;sigkill=true;recovered_rows=4096;target=full
planned-blink	4	returned	d0db2027	PASS	hook_reached=false;sigkill=true;recovered_rows=4096;target=full
planned-blink	4	returned	d0db2028	PASS	hook_reached=false;sigkill=true;recovered_rows=4096;target=full
planned-blink	4	before_wal_append	d0db2026	PASS	hook_reached=true;sigkill=true;recovered_rows=4096;target=absent
planned-blink	4	before_wal_append	d0db2027	PASS	hook_reached=true;sigkill=true;recovered_rows=4096;target=absent
planned-blink	4	before_wal_append	d0db2028	PASS	hook_reached=true;sigkill=true;recovered_rows=4096;target=absent
planned-blink	4	before_wal_sync	d0db2026	PASS	hook_reached=true;sigkill=true;recovered_rows=4096;target=full
planned-blink	4	before_wal_sync	d0db2027	PASS	hook_reached=true;sigkill=true;recovered_rows=4096;target=full
planned-blink	4	before_wal_sync	d0db2028	PASS	hook_reached=true;sigkill=true;recovered_rows=4096;target=full
planned-blink	4	after_wal_sync	d0db2026	PASS	hook_reached=true;sigkill=true;recovered_rows=4096;target=full
planned-blink	4	after_wal_sync	d0db2027	PASS	hook_reached=true;sigkill=true;recovered_rows=4096;target=full
planned-blink	4	after_wal_sync	d0db2028	PASS	hook_reached=true;sigkill=true;recovered_rows=4096;target=full
planned-blink	4	normal_exit	d0db2026	PASS	hook_reached=false;sigkill=false;recovered_rows=4096;target=full
planned-blink	8	returned	d0db2026	PASS	hook_reached=false;sigkill=true;recovered_rows=4096;target=full
planned-blink	8	returned	d0db2027	PASS	hook_reached=false;sigkill=true;recovered_rows=4096;target=full
planned-blink	8	returned	d0db2028	PASS	hook_reached=false;sigkill=true;recovered_rows=4096;target=full
planned-blink	8	before_wal_append	d0db2026	PASS	hook_reached=true;sigkill=true;recovered_rows=4096;target=absent
planned-blink	8	before_wal_append	d0db2027	PASS	hook_reached=true;sigkill=true;recovered_rows=4096;target=absent
planned-blink	8	before_wal_append	d0db2028	PASS	hook_reached=true;sigkill=true;recovered_rows=4096;target=absent
planned-blink	8	before_wal_sync	d0db2026	PASS	hook_reached=true;sigkill=true;recovered_rows=4096;target=full
planned-blink	8	before_wal_sync	d0db2027	PASS	hook_reached=true;sigkill=true;recovered_rows=4096;target=full
planned-blink	8	before_wal_sync	d0db2028	PASS	hook_reached=true;sigkill=true;recovered_rows=4096;target=full
planned-blink	8	after_wal_sync	d0db2026	PASS	hook_reached=true;sigkill=true;recovered_rows=4096;target=full
planned-blink	8	after_wal_sync	d0db2027	PASS	hook_reached=true;sigkill=true;recovered_rows=4096;target=full
planned-blink	8	after_wal_sync	d0db2028	PASS	hook_reached=true;sigkill=true;recovered_rows=4096;target=full
planned-blink	8	normal_exit	d0db2026	PASS	hook_reached=false;sigkill=false;recovered_rows=4096;target=full
TOTAL	52	-	-	52/52 PASS, 0/52 FAIL	checker_self_test=passed
