client_workers,transaction_width,read_percent,working_set,value_size,warmup_ms,duration_ms,git_commit,logical_trace_prefix_hashes,case,engine,repetitions,total_ops_per_second,read_ops_per_second,write_tx_per_second,mutation_ops_per_second,read_p50_us,read_p95_us,read_p99_us,write_p50_us,write_p95_us,write_p99_us,attempted_read_percent,attempted_write_percent,successful_read_percent,successful_write_percent,errors,conflicts,retries,busy,busy_snapshot,overloads,actual_wall_ms,logical_trace_prefix_hash,actual_read_write
16,4,95,10000,512,2000,5000,1a8cf817f0c725e928817e5e45cb046164f05325,140b9c28b6072ba1;55de65a1eb7cc0b0;0181484afa65ce40,P10-mixed-95-5-w4-c16,main-btree,3,48984.142138,46535.693868,2448.44827,9793.793079,1.76,2.68,3.52,5837.21,9765.484,12369.506,95.001147,4.998852999999997,95.001147,4.998853,0,0,,,,0,5007,140b9c28b6072ba1,95.00/5.00
16,4,95,10000,512,2000,5000,1a8cf817f0c725e928817e5e45cb046164f05325,140b9c28b6072ba1;55de65a1eb7cc0b0;0181484afa65ce40,P10-mixed-95-5-w4-c16,parallel-blink,3,92640.263947,88008.630064,4631.633882,18526.53553,1.48,2.2,3.04,3186.467,4880.682,5906.25,95.0,5.0,95.0,5.0,0,0,,,,0,5007,140b9c28b6072ba1,95.00/5.00
16,4,95,10000,512,2000,5000,1a8cf817f0c725e928817e5e45cb046164f05325,140b9c28b6072ba1;55de65a1eb7cc0b0;0181484afa65ce40,P10-mixed-95-5-w4-c16,rocksdb,3,109087.79616518006,103633.43634790245,5454.359817277603,21817.43926911041,3.0,5.32,11.76,2693.3030000000003,4544.199,6124.252,95.00002749251745,4.999972507482553,95.00002749251745,4.999972507482547,0,0,0,0,0,,5001,140b9c28b6072ba1,95.00/5.00
16,4,95,10000,512,2000,5000,1a8cf817f0c725e928817e5e45cb046164f05325,140b9c28b6072ba1;55de65a1eb7cc0b0;0181484afa65ce40,P10-mixed-95-5-w4-c16,sqlite-wal,3,13147.4522737997,12490.275539911172,657.1767338885279,2628.7069355541116,15.2,28.759999999999998,62.041,1149.329,55196.153999999995,633538.001,95.00143290245705,4.998567097542946,95.00143290245705,4.998567097542949,0,0,0,0,0,,5105,140b9c28b6072ba1,95.00/5.00
16,4,95,10000,512,2000,5000,1a8cf817f0c725e928817e5e45cb046164f05325,140b9c28b6072ba1;55de65a1eb7cc0b0;0181484afa65ce40,P10-mixed-95-5-w4-c16,turso-wal,3,10305.418811220712,9855.222430986418,447.8609222006436,1791.4436888025743,73.2,334.683,1552.5330000000001,3876.754,80068.488,99694.136,95.0018130116987,4.998186988301299,95.6703482129161,4.329651787083908,0,0,14689,15056,0,,5045,140b9c28b6072ba1,95.67/4.33
16,4,95,10000,512,2000,5000,1a8cf817f0c725e928817e5e45cb046164f05325,140b9c28b6072ba1;55de65a1eb7cc0b0;0181484afa65ce40,P10-mixed-95-5-w4-c16,turso-mvcc,3,11891.707693733468,11297.676116699573,594.031577033894,2376.126308135576,50.2,109.681,4069.555,16015.737,55029.313,82497.109,95.0053068614597,4.994693138540299,95.0053068614597,4.994693138540301,0,152,152,0,0,,5146,140b9c28b6072ba1,95.01/4.99
16,8,95,10000,512,2000,5000,1a8cf817f0c725e928817e5e45cb046164f05325,f52a2f8e6095ec3a;8980bc2c5ff85448;37ceb682aa5adcfe,P11-mixed-95-5-w8-c16,main-btree,3,33107.43559,31452.443442,1654.992148,13239.937187,1.84,2.8,3.76,8660.795,14648.526,19534.288,95.001147,4.998852999999997,95.001147,4.998853,0,0,,,,0,5005,8980bc2c5ff85448,95.00/5.00
16,8,95,10000,512,2000,5000,1a8cf817f0c725e928817e5e45cb046164f05325,f52a2f8e6095ec3a;8980bc2c5ff85448;37ceb682aa5adcfe,P11-mixed-95-5-w8-c16,parallel-blink,3,60815.356261,57775.157848,3040.198413,24321.587301,1.56,2.36,3.16,4888.682,7474.864,8909.916,95.0,5.0,95.0,5.0,0,0,,,,0,5008,8980bc2c5ff85448,95.00/5.00
16,8,95,10000,512,2000,5000,1a8cf817f0c725e928817e5e45cb046164f05325,f52a2f8e6095ec3a;8980bc2c5ff85448;37ceb682aa5adcfe,P11-mixed-95-5-w8-c16,rocksdb,3,71661.25758799094,68078.1947085914,3583.062879399547,28664.503035196376,4.12,7.16,31.720999999999997,4082.555,6663.458,8276.350999999999,95.00026700468523,4.999732995314773,95.00026700468523,4.99973299531477,0,0,0,0,0,,5002,8980bc2c5ff85448,95.00/5.00
16,8,95,10000,512,2000,5000,1a8cf817f0c725e928817e5e45cb046164f05325,f52a2f8e6095ec3a;8980bc2c5ff85448;37ceb682aa5adcfe,P11-mixed-95-5-w8-c16,sqlite-wal,3,10226.105379795667,9715.529231198469,510.5761485971981,4084.6091887775847,16.2,27.0,62.800999999999995,1398.732,107151.841,831551.1009999999,95.00350566441566,4.9964943355843445,95.00350566441566,4.996494335584339,0,0,0,0,0,,5211,8980bc2c5ff85448,95.00/5.00
16,8,95,10000,512,2000,5000,1a8cf817f0c725e928817e5e45cb046164f05325,f52a2f8e6095ec3a;8980bc2c5ff85448;37ceb682aa5adcfe,P11-mixed-95-5-w8-c16,turso-wal,3,8750.105851702747,8388.017487650068,362.08836405267823,2896.706912421426,67.201,207.362,1344.132,3628.951,87621.032,101005.748,95.00125253353374,4.998747466466256,95.92571453659393,4.074285463406068,0,0,13796,14197,0,,5052,8980bc2c5ff85448,95.93/4.07
16,8,95,10000,512,2000,5000,1a8cf817f0c725e928817e5e45cb046164f05325,f52a2f8e6095ec3a;8980bc2c5ff85448;37ceb682aa5adcfe,P11-mixed-95-5-w8-c16,turso-mvcc,3,7249.83234374729,6887.916590353082,361.91575339420757,2895.3260271536606,63.76,120.44099999999999,12500.108,31900.114,79977.367,113436.094,95.00750750750751,4.992492492492488,95.00794313255608,4.992056867443927,0,238,239,7,0,,5152,8980bc2c5ff85448,95.01/4.99
16,1,95,10000,512,2000,5000,1a8cf817f0c725e928817e5e45cb046164f05325,59da9878e6daa633;b7b49ea4b412f4e0;0887db3e04b72f0c,P5-mixed-95-5-c16,main-btree,3,82719.305494,78583.908159,4135.397335,4135.397335,1.72,2.52,3.36,3659.351,5527.208,7008.06,95.000473,4.9995270000000005,95.000473,4.999527,0,0,,,,0,5007,59da9878e6daa633,95.00/5.00
16,1,95,10000,512,2000,5000,1a8cf817f0c725e928817e5e45cb046164f05325,59da9878e6daa633;b7b49ea4b412f4e0;0887db3e04b72f0c,P5-mixed-95-5-c16,parallel-blink,3,129739.941405,123253.323868,6486.617537,6486.617537,1.36,2.0,2.92,2357.02,3400.749,3907.074,95.000293,4.999707000000001,95.000293,4.999707,0,0,,,,0,5006,59da9878e6daa633,95.00/5.00
16,1,95,10000,512,2000,5000,1a8cf817f0c725e928817e5e45cb046164f05325,59da9878e6daa633;b7b49ea4b412f4e0;0887db3e04b72f0c,P5-mixed-95-5-c16,rocksdb,3,148890.27237410157,141446.17859149005,7444.093782611525,7444.093782611525,2.2,3.84,6.4799999999999995,2058.578,3088.7459999999996,3998.9939999999997,95.00012328072059,4.999876719279413,95.00012328072059,4.999876719279418,0,0,0,0,0,,5001,59da9878e6daa633,95.00/5.00
16,1,95,10000,512,2000,5000,1a8cf817f0c725e928817e5e45cb046164f05325,59da9878e6daa633;b7b49ea4b412f4e0;0887db3e04b72f0c,P5-mixed-95-5-c16,sqlite-wal,3,21873.774630724758,20780.27210234356,1093.502528381199,1093.502528381199,15.400000000000002,33.760000000000005,62.161,904.808,34960.26,330550.63800000004,95.00088537637816,4.999114623621836,95.00088537637816,4.999114623621842,0,0,0,0,0,,5101,59da9878e6daa633,95.00/5.00
16,1,95,10000,512,2000,5000,1a8cf817f0c725e928817e5e45cb046164f05325,59da9878e6daa633;b7b49ea4b412f4e0;0887db3e04b72f0c,P5-mixed-95-5-c16,turso-wal,3,13109.557070220912,12507.097267872377,602.4598023485345,602.4598023485345,71.241,361.723,1952.497,3167.428,72499.863,98927.84999999999,95.00493698089097,4.9950630191090255,95.40442290215087,4.595577097849136,0,0,16082,16363,0,,5029,59da9878e6daa633,95.40/4.60
16,1,95,10000,512,2000,5000,1a8cf817f0c725e928817e5e45cb046164f05325,59da9878e6daa633;b7b49ea4b412f4e0;0887db3e04b72f0c,P5-mixed-95-5-c16,turso-mvcc,3,25420.450558184115,24149.777940122527,1270.6726180615885,1270.6726180615885,45.36,100.00099999999999,2117.2180000000003,8817.636,20945.7,32464.719000000005,95.00137648955834,4.998623510441661,95.00137648955834,4.998623510441656,0,16,16,0,0,,5001,59da9878e6daa633,95.00/5.00
4,1,95,10000,512,2000,5000,1a8cf817f0c725e928817e5e45cb046164f05325,028bb2346837e560;34311a5cd62ada07;8e1a0c1059bda569,P5-mixed-95-5-c4,main-btree,3,41659.823673,39577.022398,2082.801275,2082.801275,1.92,2.88,5.52,1755.735,2642.823,3445.19,95.000456,4.999544,95.000456,4.999544,0,0,,,,0,5003,34311a5cd62ada07,95.00/5.00
4,1,95,10000,512,2000,5000,1a8cf817f0c725e928817e5e45cb046164f05325,028bb2346837e560;34311a5cd62ada07;8e1a0c1059bda569,P5-mixed-95-5-c4,parallel-blink,3,33822.585393,32131.835932,1690.749461,1690.749461,1.68,2.52,5.6,2479.661,3018.146,3544.511,95.001123,4.998876999999993,95.001123,4.998877,0,0,,,,0,5002,34311a5cd62ada07,95.00/5.00
4,1,95,10000,512,2000,5000,1a8cf817f0c725e928817e5e45cb046164f05325,028bb2346837e560;34311a5cd62ada07;8e1a0c1059bda569,P5-mixed-95-5-c4,rocksdb,3,52377.3458566736,49758.948455698825,2618.3974009747803,2618.3974009747803,2.2800000000000002,4.199999999999999,9.24,1530.653,2191.938,2488.462,95.00074161390799,4.999258386092009,95.00074161390799,4.999258386092007,0,0,0,0,0,,5001,34311a5cd62ada07,95.00/5.00
4,1,95,10000,512,2000,5000,1a8cf817f0c725e928817e5e45cb046164f05325,028bb2346837e560;34311a5cd62ada07;8e1a0c1059bda569,P5-mixed-95-5-c4,sqlite-wal,3,23902.297588540936,22707.748987143492,1194.548601397442,1194.548601397442,12.4,24.641000000000002,45.800000000000004,811.487,4257.5160000000005,54824.95,95.00076000608004,4.999239993919957,95.00076000608004,4.999239993919951,0,0,0,0,0,,5075,34311a5cd62ada07,95.00/5.00
4,1,95,10000,512,2000,5000,1a8cf817f0c725e928817e5e45cb046164f05325,028bb2346837e560;34311a5cd62ada07;8e1a0c1059bda569,P5-mixed-95-5-c4,turso-wal,3,12369.561273364618,11751.702666902089,617.8586064625277,617.8586064625277,69.161,117.04100000000001,430.683,1097.4489999999998,17392.909000000003,59582.151,95.0004038446006,4.999596155399402,95.01672130061918,4.983278699380815,0,0,5825,5835,0,,5010,34311a5cd62ada07,95.02/4.98
4,1,95,10000,512,2000,5000,1a8cf817f0c725e928817e5e45cb046164f05325,028bb2346837e560;34311a5cd62ada07;8e1a0c1059bda569,P5-mixed-95-5-c4,turso-mvcc,3,19994.496564312,18995.07168353961,999.424880772391,999.424880772391,44.361,82.801,359.243,2141.218,5585.447999999999,6688.378,95.0009214444369,4.999078555563102,95.0009214444369,4.999078555563099,103,3,72,72,0,,5000,34311a5cd62ada07,95.00/5.00
64,1,95,10000,512,2000,5000,1a8cf817f0c725e928817e5e45cb046164f05325,87fd7c03a5a47ed9;f3ccb4c99e0d75e0;9d42da9d3ea36786,P5-mixed-95-5-c64,main-btree,3,130855.784649,124313.563664,6542.220985,6542.220985,1.52,2.28,2.96,8840.276,15278.771,21401.464,95.000284,4.9997160000000065,95.000284,4.999716,0,0,,,,0,5018,9d42da9d3ea36786,95.00/5.00
64,1,95,10000,512,2000,5000,1a8cf817f0c725e928817e5e45cb046164f05325,87fd7c03a5a47ed9;f3ccb4c99e0d75e0;9d42da9d3ea36786,P5-mixed-95-5-c64,parallel-blink,3,397137.127545,377280.649053,19856.478492,19856.478492,1.12,1.6,2.0,3010.546,4174.675,6057.052,95.000095,4.999904999999998,95.000095,4.999905,0,0,,,,0,5027,9d42da9d3ea36786,95.00/5.00
64,1,95,10000,512,2000,5000,1a8cf817f0c725e928817e5e45cb046164f05325,87fd7c03a5a47ed9;f3ccb4c99e0d75e0;9d42da9d3ea36786,P5-mixed-95-5-c64,rocksdb,3,241596.04371460344,229516.811285128,12079.23242947543,12079.23242947543,2.2800000000000002,3.881,5.92,4832.801,9017.197,11517.179,95.00016329757256,4.999836702427444,95.00016329757256,4.999836702427439,0,0,0,0,0,,5002,9d42da9d3ea36786,95.00/5.00
64,1,95,10000,512,2000,5000,1a8cf817f0c725e928817e5e45cb046164f05325,87fd7c03a5a47ed9;f3ccb4c99e0d75e0;9d42da9d3ea36786,P5-mixed-95-5-c64,sqlite-wal,3,20375.438379786065,19356.853014892895,1018.5853648931688,1018.5853648931688,17.04,42.881,250.882,1022.1690000000001,330087.514,1331298.511,95.00091558322652,4.999084416773485,95.00091558322652,4.999084416773485,0,0,0,0,0,,5360,9d42da9d3ea36786,95.00/5.00
64,1,95,10000,512,2000,5000,1a8cf817f0c725e928817e5e45cb046164f05325,87fd7c03a5a47ed9;f3ccb4c99e0d75e0;9d42da9d3ea36786,P5-mixed-95-5-c64,turso-wal,3,11113.371967138082,10855.616449244795,259.6813595034483,259.6813595034483,74.8,2885.705,12432.747,15302.931,137547.501,216560.81999999998,95.00163457733271,4.998365422667291,97.64279723773666,2.3572027622633427,0,0,31695,33289,0,,5087,9d42da9d3ea36786,97.64/2.36
64,1,95,10000,512,2000,5000,1a8cf817f0c725e928817e5e45cb046164f05325,87fd7c03a5a47ed9;f3ccb4c99e0d75e0;9d42da9d3ea36786,P5-mixed-95-5-c64,turso-mvcc,3,6733.551635207685,6397.436877806052,336.11475740163297,336.11475740163297,78.841,133.561,76167.57400000001,119948.07,343972.833,511822.99499999994,95.00835850661349,4.99164149338651,95.00835850661349,4.991641493386515,0,5,5,0,0,,5063,9d42da9d3ea36786,95.01/4.99
16,1,50,10000,512,2000,5000,1a8cf817f0c725e928817e5e45cb046164f05325,e9ce8146d5e490a4;8cea2171a8aa451e;dd9d4e5c1b0e040f,P6-mixed-50-50-c16,main-btree,3,8348.33598,4178.466413,4169.869568,4169.869568,2.56,3.92,7.36,3677.111,5176.725,7079.22,50.051488,49.948512,50.051488,49.948512,0,0,,,,0,5001,dd9d4e5c1b0e040f,50.05/49.95
16,1,50,10000,512,2000,5000,1a8cf817f0c725e928817e5e45cb046164f05325,e9ce8146d5e490a4;8cea2171a8aa451e;dd9d4e5c1b0e040f,P6-mixed-50-50-c16,parallel-blink,3,14468.211751,7235.505006,7232.706745,7232.706745,2.0,2.96,5.96,2091.618,3158.387,3555.91,50.022582,49.977418,50.022582,49.977418,0,0,,,,0,5003,dd9d4e5c1b0e040f,50.02/49.98
16,1,50,10000,512,2000,5000,1a8cf817f0c725e928817e5e45cb046164f05325,e9ce8146d5e490a4;8cea2171a8aa451e;dd9d4e5c1b0e040f,P6-mixed-50-50-c16,rocksdb,3,16133.96722569649,8066.983612848245,8066.983612848245,8066.983612848245,2.96,5.640000000000001,11.52,2020.6170000000002,2517.6209999999996,3288.9880000000003,50.00909256228405,49.99090743771595,50.00909256228405,49.99090743771595,0,0,0,0,0,,5001,dd9d4e5c1b0e040f,50.01/49.99
16,1,50,10000,512,2000,5000,1a8cf817f0c725e928817e5e45cb046164f05325,e9ce8146d5e490a4;8cea2171a8aa451e;dd9d4e5c1b0e040f,P6-mixed-50-50-c16,sqlite-wal,3,3886.3841651885355,1947.1053826279808,1939.2787825605546,1939.2787825605546,11.921,27.36,51.241,77.441,1063.4489999999998,1489.853,50.06121021336131,49.93878978663869,50.06121021336131,49.93878978663869,0,0,0,0,0,,5437,dd9d4e5c1b0e040f,50.06/49.94
16,1,50,10000,512,2000,5000,1a8cf817f0c725e928817e5e45cb046164f05325,e9ce8146d5e490a4;8cea2171a8aa451e;dd9d4e5c1b0e040f,P6-mixed-50-50-c16,turso-wal,3,3106.1164976549235,1617.2522491463378,1488.9365723492215,1488.9365723492215,65.161,144.80100000000002,476.36400000000003,886.927,7075.581,76798.939,50.101432347697795,49.898567652302205,51.98098256735341,48.01901743264659,0,0,13216,13830,0,,5039,dd9d4e5c1b0e040f,51.98/48.02
16,1,50,10000,512,2000,5000,1a8cf817f0c725e928817e5e45cb046164f05325,e9ce8146d5e490a4;8cea2171a8aa451e;dd9d4e5c1b0e040f,P6-mixed-50-50-c16,turso-mvcc,3,1431.0645801962783,719.4291982553556,711.6353819409226,711.6353819409226,73.76,136.401,3106.547,18975.202999999998,52029.566999999995,83881.241,50.10165553296544,49.89834446703456,50.10165553296544,49.89834446703456,0,11,11,0,0,,5005,dd9d4e5c1b0e040f,50.10/49.90
4,1,50,10000,512,2000,5000,1a8cf817f0c725e928817e5e45cb046164f05325,928f566452d4f86e;4ce480ccf0e5cf9d;74602e1efe43dbea,P6-mixed-50-50-c4,main-btree,3,4409.958561,2209.478218,2200.480343,2200.480343,2.56,3.92,7.76,1690.414,2650.703,3397.469,50.009134,49.990866,50.009134,49.990866,0,0,,,,0,5001,74602e1efe43dbea,50.01/49.99
4,1,50,10000,512,2000,5000,1a8cf817f0c725e928817e5e45cb046164f05325,928f566452d4f86e;4ce480ccf0e5cf9d;74602e1efe43dbea,P6-mixed-50-50-c4,parallel-blink,3,3434.6862,1719.342335,1715.343865,1715.343865,2.36,3.6,7.76,2423.541,3101.107,3415.469,50.002778,49.997222,50.002778,49.997222,0,0,,,,0,5001,74602e1efe43dbea,50.00/50.00
4,1,50,10000,512,2000,5000,1a8cf817f0c725e928817e5e45cb046164f05325,928f566452d4f86e;4ce480ccf0e5cf9d;74602e1efe43dbea,P6-mixed-50-50-c4,rocksdb,3,5591.846467374181,2799.0699328800983,2792.2237322156307,2792.2237322156307,2.96,6.04,13.68,1605.654,2022.8970000000002,2444.181,50.06615885276973,49.93384114723027,50.06615885276973,49.93384114723027,0,0,0,0,0,,5000,74602e1efe43dbea,50.07/49.93
4,1,50,10000,512,2000,5000,1a8cf817f0c725e928817e5e45cb046164f05325,928f566452d4f86e;4ce480ccf0e5cf9d;74602e1efe43dbea,P6-mixed-50-50-c4,sqlite-wal,3,4394.335088254952,2198.8513492147126,2195.4837390402395,2195.4837390402395,8.399999999999999,22.92,40.760000000000005,52.760999999999996,1009.448,1193.29,50.03831763061804,49.96168236938196,50.03831763061804,49.96168236938196,0,0,0,0,0,,5048,74602e1efe43dbea,50.04/49.96
4,1,50,10000,512,2000,5000,1a8cf817f0c725e928817e5e45cb046164f05325,928f566452d4f86e;4ce480ccf0e5cf9d;74602e1efe43dbea,P6-mixed-50-50-c4,turso-wal,3,3280.6026219191144,1650.8428375123467,1629.7597844067675,1629.7597844067675,60.321,106.56099999999999,162.321,783.6469999999999,1258.69,34666.498,50.10211896859842,49.89788103140158,50.35596457718354,49.64403542281646,0,0,2914,2995,0,,5020,74602e1efe43dbea,50.36/49.64
4,1,50,10000,512,2000,5000,1a8cf817f0c725e928817e5e45cb046164f05325,928f566452d4f86e;4ce480ccf0e5cf9d;74602e1efe43dbea,P6-mixed-50-50-c4,turso-mvcc,3,2501.567726434719,1252.2837239534904,1249.2840024812288,1249.2840024812288,52.4,132.161,598.525,2080.098,8073.349,11983.623000000001,50.11626974581028,49.88373025418972,50.11626974581028,49.88373025418972,0,0,13,0,0,,5001,74602e1efe43dbea,50.12/49.88
64,1,50,10000,512,2000,5000,1a8cf817f0c725e928817e5e45cb046164f05325,3de1931d8871bca0;da1989c30cc8a2cb;7b473ce09e5daece,P6-mixed-50-50-c64,main-btree,3,14946.694934,7474.946386,7471.748548,7471.748548,2.36,3.56,6.88,7622.106,13355.115,19530.168,50.017336,49.982664,50.017336,49.982664,0,0,,,,0,5001,7b473ce09e5daece,50.02/49.98
64,1,50,10000,512,2000,5000,1a8cf817f0c725e928817e5e45cb046164f05325,3de1931d8871bca0;da1989c30cc8a2cb;7b473ce09e5daece,P6-mixed-50-50-c64,parallel-blink,3,46957.021544,23479.909575,23477.111969,23477.111969,1.8,2.64,5.121,2747.503,3212.107,4628.8,50.002979,49.997021,50.002979,49.997021,0,0,,,,0,5004,7b473ce09e5daece,50.00/50.00
64,1,50,10000,512,2000,5000,1a8cf817f0c725e928817e5e45cb046164f05325,3de1931d8871bca0;da1989c30cc8a2cb;7b473ce09e5daece,P6-mixed-50-50-c64,rocksdb,3,39003.701280635956,19503.349898497025,19500.35138213893,19500.35138213893,3.28,8.559999999999999,24.56,3088.107,4978.763,6169.613,50.00384388693847,49.99615611306153,50.00384388693847,49.99615611306153,0,0,0,0,0,,5002,7b473ce09e5daece,50.00/50.00
64,1,50,10000,512,2000,5000,1a8cf817f0c725e928817e5e45cb046164f05325,3de1931d8871bca0;da1989c30cc8a2cb;7b473ce09e5daece,P6-mixed-50-50-c64,sqlite-wal,3,3352.1177671248524,1678.6282124590473,1673.4895546658054,1673.4895546658054,15.760000000000002,34.0,64.081,714.206,1136.1299999999999,530402.595,50.07664793050588,49.92335206949412,50.07664793050588,49.92335206949412,0,0,0,0,0,,5838,7b473ce09e5daece,50.08/49.92
64,1,50,10000,512,2000,5000,1a8cf817f0c725e928817e5e45cb046164f05325,3de1931d8871bca0;da1989c30cc8a2cb;7b473ce09e5daece,P6-mixed-50-50-c64,turso-wal,3,2825.4631868798024,1687.2265852648632,1138.2366016149392,1138.2366016149392,71.16,505.445,1993.338,1077.609,64577.755,95425.05900000001,50.10932944606414,49.89067055393586,59.61844197138315,40.38155802861685,0,0,50911,53671,0,,5076,7b473ce09e5daece,59.62/40.38
64,1,50,10000,512,2000,5000,1a8cf817f0c725e928817e5e45cb046164f05325,3de1931d8871bca0;da1989c30cc8a2cb;7b473ce09e5daece,P6-mixed-50-50-c64,turso-mvcc,3,784.9077370629633,396.7185934106461,388.1891436523172,388.1891436523172,92.481,223.52200000000002,127926.69900000001,143929.356,356014.737,600030.6730000001,50.3968253968254,49.6031746031746,50.3968253968254,49.6031746031746,0,5,5,0,0,,5041,7b473ce09e5daece,50.40/49.60
16,1,20,10000,512,2000,5000,1a8cf817f0c725e928817e5e45cb046164f05325,22a98da066fc5239;ebc9488f62e900bd;e615c3d7d9ef030e,P7-mixed-20-80-c16,main-btree,3,5091.868883,1019.613307,4072.255577,4072.255577,2.96,6.8,8.16,3750.712,5288.606,7146.021,20.024343,79.975657,20.024343,79.975657,0,0,,,,0,5001,e615c3d7d9ef030e,20.02/79.98
16,1,20,10000,512,2000,5000,1a8cf817f0c725e928817e5e45cb046164f05325,22a98da066fc5239;ebc9488f62e900bd;e615c3d7d9ef030e,P7-mixed-20-80-c16,parallel-blink,3,9221.647311,1847.208228,7374.439082,7374.439082,2.36,4.92,7.04,2048.097,3127.827,3640.951,20.00661,79.99339,20.00661,79.99339,0,0,,,,0,5001,e615c3d7d9ef030e,20.01/79.99
16,1,20,10000,512,2000,5000,1a8cf817f0c725e928817e5e45cb046164f05325,22a98da066fc5239;ebc9488f62e900bd;e615c3d7d9ef030e,P7-mixed-20-80-c16,rocksdb,3,10188.915332648066,2039.7428194345603,8149.172513213506,8149.172513213506,3.32,9.48,14.600999999999999,2017.418,2449.181,3131.746,20.025078846373066,79.97492115362694,20.025078846373066,79.97492115362694,0,0,0,0,0,,5002,e615c3d7d9ef030e,20.03/79.97
16,1,20,10000,512,2000,5000,1a8cf817f0c725e928817e5e45cb046164f05325,22a98da066fc5239;ebc9488f62e900bd;e615c3d7d9ef030e,P7-mixed-20-80-c16,sqlite-wal,3,2492.5216417905267,500.34382772474044,1992.1778140657864,1992.1778140657864,12.84,36.001000000000005,63.52,68.96000000000001,1049.649,1383.3719999999998,20.099754336335888,79.90024566366411,20.099754336335888,79.90024566366411,0,0,0,0,0,,5436,e615c3d7d9ef030e,20.10/79.90
16,1,20,10000,512,2000,5000,1a8cf817f0c725e928817e5e45cb046164f05325,22a98da066fc5239;ebc9488f62e900bd;e615c3d7d9ef030e,P7-mixed-20-80-c16,turso-wal,3,2091.1106554053285,445.2978294617298,1645.8128259435987,1645.8128259435987,66.44,152.841,294.962,835.207,1611.974,64970.797999999995,20.061449484908728,79.93855051509126,21.321552055320783,78.67844794467922,0,0,13023,13691,0,,5030,e615c3d7d9ef030e,21.32/78.68
16,1,20,10000,512,2000,5000,1a8cf817f0c725e928817e5e45cb046164f05325,22a98da066fc5239;ebc9488f62e900bd;e615c3d7d9ef030e,P7-mixed-20-80-c16,turso-mvcc,3,869.2910162866187,175.73051914677802,693.474860384016,693.474860384016,82.121,215.201,648.446,19979.612,52016.047000000006,78906.478,20.22523557802804,79.77476442197195,20.22523557802804,79.77476442197197,0,8,8,0,0,,5005,e615c3d7d9ef030e,20.23/79.77
4,1,20,10000,512,2000,5000,1a8cf817f0c725e928817e5e45cb046164f05325,bbc572c6d816dd99;53afb2ac9241a0a5;67beff765d83551b,P7-mixed-20-80-c4,main-btree,3,2736.91285,547.822427,2189.090423,2189.090423,3.0,7.08,8.44,1690.014,2667.623,3433.31,20.03093,79.96907,20.03093,79.96907,0,0,,,,0,5001,67beff765d83551b,20.03/79.97
4,1,20,10000,512,2000,5000,1a8cf817f0c725e928817e5e45cb046164f05325,bbc572c6d816dd99;53afb2ac9241a0a5;67beff765d83551b,P7-mixed-20-80-c4,parallel-blink,3,2175.190292,435.837761,1739.352531,1739.352531,2.68,6.24,8.44,2353.46,3151.347,3554.471,20.036765,79.963235,20.036765,79.963235,0,0,,,,0,5001,67beff765d83551b,20.04/79.96
4,1,20,10000,512,2000,5000,1a8cf817f0c725e928817e5e45cb046164f05325,bbc572c6d816dd99;53afb2ac9241a0a5;67beff765d83551b,P7-mixed-20-80-c4,rocksdb,3,3490.218701280887,699.8433374095162,2790.375363871371,2790.375363871371,3.52,11.96,16.92,1606.6139999999998,2012.937,2442.501,20.05156115726153,79.94843884273847,20.05156115726153,79.94843884273847,0,0,0,0,0,,5000,67beff765d83551b,20.05/79.95
4,1,20,10000,512,2000,5000,1a8cf817f0c725e928817e5e45cb046164f05325,bbc572c6d816dd99;53afb2ac9241a0a5;67beff765d83551b,P7-mixed-20-80-c4,sqlite-wal,3,2523.3652885894635,506.33446769000057,2017.0308208994632,2017.0308208994632,9.72,33.92,58.281,65.8,1056.369,1423.2920000000001,20.065841040915505,79.9341589590845,20.065841040915505,79.9341589590845,0,0,0,0,0,,5072,67beff765d83551b,20.07/79.93
4,1,20,10000,512,2000,5000,1a8cf817f0c725e928817e5e45cb046164f05325,bbc572c6d816dd99;53afb2ac9241a0a5;67beff765d83551b,P7-mixed-20-80-c4,turso-wal,3,2412.71653179991,489.75019954020786,1922.9663322597023,1922.9663322597023,59.641,138.202,175.841,715.886,1168.69,9071.998,20.10789602746444,79.89210397253555,20.29870451357373,79.70129548642628,0,0,2774,2886,0,,5008,67beff765d83551b,20.30/79.70
4,1,20,10000,512,2000,5000,1a8cf817f0c725e928817e5e45cb046164f05325,bbc572c6d816dd99;53afb2ac9241a0a5;67beff765d83551b,P7-mixed-20-80-c4,turso-mvcc,3,1298.8014157522182,259.8002524200467,1039.0011633321715,1039.0011633321715,68.52,307.242,1103.649,2267.299,10032.606,14531.484,20.023215322112595,79.97678467788741,20.023215322112595,79.97678467788741,0,3,3,0,0,,5137,67beff765d83551b,20.02/79.98
64,1,20,10000,512,2000,5000,1a8cf817f0c725e928817e5e45cb046164f05325,3196faf1602d60f3;413333c8d2277e81;5179827b77a1b2b1,P7-mixed-20-80-c64,main-btree,3,9475.12881,1895.785676,7579.343134,7579.343134,2.76,6.36,7.92,7595.106,13514.956,20164.294,20.022763,79.977237,20.022763,79.977237,0,0,,,,0,5004,413333c8d2277e81,20.02/79.98
64,1,20,10000,512,2000,5000,1a8cf817f0c725e928817e5e45cb046164f05325,3196faf1602d60f3;413333c8d2277e81;5179827b77a1b2b1,P7-mixed-20-80-c64,parallel-blink,3,29895.132365,5979.705985,23915.42638,23915.42638,2.16,4.08,6.0,2723.583,3121.867,5396.326,20.002273,79.997727,20.002273,79.997727,0,0,,,,0,5003,413333c8d2277e81,20.00/80.00
64,1,20,10000,512,2000,5000,1a8cf817f0c725e928817e5e45cb046164f05325,3196faf1602d60f3;413333c8d2277e81;5179827b77a1b2b1,P7-mixed-20-80-c64,rocksdb,3,24463.01897970322,4892.8836177161675,19570.135361987053,19570.135361987053,3.6399999999999997,17.32,71.641,3105.7870000000003,4765.6,6043.291,20.006338320020152,79.99366167997985,20.006338320020152,79.99366167997985,0,0,0,0,0,,5002,413333c8d2277e81,20.01/79.99
64,1,20,10000,512,2000,5000,1a8cf817f0c725e928817e5e45cb046164f05325,3196faf1602d60f3;413333c8d2277e81;5179827b77a1b2b1,P7-mixed-20-80-c64,sqlite-wal,3,2206.3967737965036,443.13661852813186,1763.2601552683718,1763.2601552683718,16.2,38.519999999999996,65.801,78.80000000000001,1099.29,19541.487,20.054694621695532,79.94530537830447,20.054694621695532,79.94530537830447,0,0,0,0,0,,6138,413333c8d2277e81,20.05/79.95
64,1,20,10000,512,2000,5000,1a8cf817f0c725e928817e5e45cb046164f05325,3196faf1602d60f3;413333c8d2277e81;5179827b77a1b2b1,P7-mixed-20-80-c64,turso-wal,3,1750.345462574288,466.54792090301777,1283.7975416712702,1283.7975416712702,77.64099999999999,439.764,1138.6090000000002,1066.169,55401.756,94974.776,20.10665267943002,79.89334732056997,26.654619381070702,73.3453806189293,0,0,52649,55527,0,,5058,413333c8d2277e81,26.65/73.35
64,1,20,10000,512,2000,5000,1a8cf817f0c725e928817e5e45cb046164f05325,3196faf1602d60f3;413333c8d2277e81;5179827b77a1b2b1,P7-mixed-20-80-c64,turso-mvcc,3,426.985175770963,86.73752416399986,340.24765160696313,340.24765160696313,97.321,234.042,601.525,144010.277,434451.771,696241.419,20.304568527918782,79.69543147208122,20.313942751615883,79.68605724838412,0,20,20,0,0,,5080,413333c8d2277e81,20.31/79.69
