engine,workload,cores,n,tx_s_median,p50_us_median,p95_us_median,p99_us_median,cpu_one_core_pct_median,user_cpu_s_median,system_cpu_s_median,elapsed_s_median,disk_write_iops_median,disk_write_mib_s_median,disk_io_busy_pct_median,avg_group_median,wal_sync_us_median,effective_worker_parallelism_median,tx_s_cv_pct
dodb,w1_uniform,1c,3,6747.845925,9097.323,12905.384,15322.252,8.98383,1.49640100000002,0.4824000000000055,11.506176660011988,352.85396009170694,36.90511029834628,80.25063925427662,42.183521,5728.175055,0.874297,0.5148973437921456
dodb,w1_uniform,2c,3,5400.822064,11923.56,12549.425,18156.384,6.18628,1.389655999999988,0.38077399999999884,10.50531019596383,410.0871917401389,40.048198687330654,82.51243681530929,31.870892,5631.790950704225,1.715618,3.6833373215158307
dodb,w1_uniform,4c,3,5150.934248,12009.852,17550.996,29679.432,7.189022,1.4025170000000031,0.4043730000000014,11.005702004011255,377.62243594141114,38.39238570115731,82.93128192497267,31.844444,5887.8362518518525,1.30553,9.14848220322349
dodb,w1_uniform,6c,3,5274.626437,11981.849,14913.385,20593.05,7.385196,1.4648520000000076,0.42311600000000027,11.005309608997777,385.4388532395232,38.435915082951375,82.35779740129746,31.877962,5757.931993990385,1.710957,2.573056058110172
dodb,w1_uniform,6c12t,3,5136.462477,12187.636,14303.88,20955.09,9.781427,1.582679000000013,0.39882300000000015,10.505359510018025,382.7040244880158,39.89481507989639,81.98029684418525,31.87969,5883.78570210136,1.89472,3.3069556186355853
rocksdb,w1_uniform,1c,3,5841.23681127983,11859.008000000002,12841.263,22021.351000000002,9.97843978074317,0.6457809999999995,0.29635100000000136,8.50332456396427,469.6986419789189,4.74458750996185,86.64633614888285,,,,0.3725093464142469
rocksdb,w1_uniform,2c,3,5509.156541917923,11698.818,12654.090999999999,21064.665999999997,12.57069402900504,0.640979999999999,0.4363829999999993,8.503194367978722,465.46695613297953,4.668689871758416,88.10708527913802,,,,3.9013653857067028
rocksdb,w1_uniform,4c,3,5550.9406209967365,11610.462,12156.277,14562.035,12.983188191652598,0.7215960000000052,0.4546469999999996,8.503170955984388,477.9314584559044,4.739688844789013,89.75832264648653,,,,1.2159470227274218
rocksdb,w1_uniform,6c,3,5533.238712563608,11577.511,13455.678,21769.84,13.381813545326645,0.738821999999999,0.4867129999999946,8.503414470993448,482.3944562496159,4.888661212716751,92.12449030626505,,,,1.2771357956295097
rocksdb,w1_uniform,6c12t,3,5803.821473141017,11405.076000000001,11993.111,17326.727,15.781568043855723,0.8061649999999929,0.5479130000000012,8.50336516101379,482.9852560995222,4.763279652590039,90.27268421204668,,,,0.06722186628654812
dodb,w16_uniform,1c,3,4400.101198,13315.263,21143.573,24811.78,47.61928,4.052555000000002,0.5477809999999996,10.50554986501811,221.79482687010457,45.23687835060128,54.29511137721078,57.115903,6881.002150259067,1.076958,2.559287806730003
dodb,w16_uniform,2c,3,3542.337489,17422.987,20425.755,33306.153,40.249307,3.764223000000001,0.4066539999999996,11.005935625988059,282.93823495087366,42.68208723712649,66.94504292659838,32.032432,6511.676394594595,1.935605,1.9340424235452296
dodb,w16_uniform,4c,3,3730.296123,16604.26,19500.488,27586.813,45.26284,4.111226999999985,0.43642900000000395,10.505297129042447,299.2796066017608,45.113705608109235,69.86998449290472,31.858553,6456.102580204778,3.672566,2.6729926289419903
dodb,w16_uniform,6c,3,3770.84234,16292.905,19716.404,37692.57,47.706914,4.324486000000007,0.44703299999999757,11.005714786006138,296.48233335547934,43.19701825314364,70.13431984155426,31.797005,6449.158390939597,5.403359,0.8570449527927075
dodb,w16_uniform,6c12t,6,3847.582008,16304.521,18871.402000000002,26070.535499999998,67.7218965,5.6362325,0.5127994999999999,10.75569776899647,304.54621049658766,45.32115366956198,70.05656439459926,32.712230500000004,6517.637947170361,10.734955,30.431441360964293
rocksdb,w16_uniform,1c,3,4780.65416340538,13848.314,16305.969,43953.344,22.541715936399402,1.4092729999999989,0.3541350000000003,8.504084781976417,389.21280443110356,9.450132456530312,80.71168246571284,,,,1.4193339714088207
rocksdb,w16_uniform,2c,3,4646.395804787514,13249.479,16293.516000000001,46621.755,25.49681312753159,1.4950639999999993,0.437519,8.504798063018825,398.85870785640884,8.940826702103523,81.78912595522496,,,,9.449328120438588
rocksdb,w16_uniform,4c,3,4929.853868435692,12679.149000000001,15033.980000000001,38681.846,27.931183390570492,1.545894000000004,0.601303999999999,8.50461013102904,437.1822602733147,9.650096975117854,85.41398436324255,,,,3.731236058088584
rocksdb,w16_uniform,6c,3,4845.322623480994,12584.773000000001,15735.107000000002,44665.653,28.94678016364051,1.744043000000005,0.4562579999999983,8.50429275399074,442.8351785317786,9.689499895371279,85.13347563914171,,,,8.218445313963551
rocksdb,w16_uniform,6c12t,6,4875.8334199875035,12305.491999999998,14639.179,44722.349,34.94294541717346,1.9661524999999997,0.6600014999999999,8.504433491500095,432.5906628831923,9.691704250656283,87.43675037506324,,,,30.17909405183211
dodb,w16_compact,1c,12,15563.091204,3777.9435000000003,5650.2135,7014.7725,50.0560785,3.3475089999999996,0.5152920000000001,8.00324245201773,823.3674067505672,24.54107864944736,49.356807023902704,52.451237000000006,1707.8174662942843,0.935038,37.252913655010616
dodb,w16_compact,2c,3,4690.00507,13160.924,16101.415,34490.045,16.162111,1.4074049999999971,0.1542180000000002,9.003597197006457,389.399916864971,16.14458885925389,82.27822544596991,32.0,6017.467262228261,1.673729,0.5222032891574044
dodb,w16_compact,4c,3,4704.258737,13040.938,19022.521,39076.407,17.570711,1.4816860000000034,0.17336200000000002,8.503565137041733,423.5870416643958,17.164277334205956,83.0710400421236,32.101093,6074.8106516393445,2.361892,2.4148773995879513
dodb,w16_compact,6c,3,4913.162143,13094.227,15549.699,23011.762,17.553294,1.4793769999999995,0.2066859999999977,8.503438678977545,439.2528285090744,17.24210558047198,83.96568054950633,31.924,5877.664699735449,2.248808,2.022445302056722
dodb,w16_compact,6c12t,3,4866.775749,13022.774,15910.186,23110.537,18.362906,1.5263999999999953,0.192499999999999,8.503363133000676,420.6570910888225,17.308868438041372,83.82787554036975,32.026596,5792.865707953064,2.613913,1.0855130142823146
rocksdb,w16_compact,1c,12,9419.008225508622,5119.4875,13630.6005,15451.208999999999,31.534310032068618,2.2749234999999994,0.563764,8.003677676519146,854.3444056795621,18.427780814121935,69.0177150873827,,,,41.19256585137198
rocksdb,w16_compact,2c,3,4763.639621813599,12880.057,15673.652,47831.648,20.371530313767007,1.0150310000000076,0.4708509999999997,8.003184883040376,443.0647242888894,9.689013796785082,89.06795267111721,,,,2.1289473960089844
rocksdb,w16_compact,4c,3,4256.982085944485,12598.127,40786.889,51670.325000000004,17.965318753399778,1.3134590000000017,0.4141560000000002,8.504454572976101,378.5075188982429,8.380718232828203,87.55710080322511,,,,7.907660914729502
rocksdb,w16_compact,6c,3,4893.1829721612485,12400.687,14862.189,47550.77,22.94926761005479,1.1659699999999873,0.516210000000001,8.00353157700738,455.79547254779044,9.993287059368168,91.41092727883958,,,,2.883603565227996
rocksdb,w16_compact,6c12t,3,5046.58224878318,12204.828,14486.523,41691.969000000005,28.75514778374823,1.4918799999999948,0.632557000000002,8.003251536982134,462.43704610533496,10.037912357093436,91.7635494766331,,,,0.7829297804775889
dodb,w16_spread,1c,3,5974.833292,8882.269,16297.053,41937.189,23.757983,1.8503119999999953,0.3183910000000001,8.504641539009754,322.7649263533354,20.938015045456435,73.55983166726652,52.761658,6819.174554174067,0.95142,4.603293564019398
dodb,w16_spread,2c,3,4405.049684,14023.192,16938.498,46994.886,18.365187,1.5843440000000157,0.14633100000000354,8.504395756986924,382.5080691156036,20.04432162155105,80.58042898592505,32.268012,6319.335597383721,1.85399,2.0724333738071703
dodb,w16_spread,4c,3,4440.034414,13731.595,16862.364,52300.669,19.554852,1.6690279999999973,0.19856199999999902,9.004760337993503,371.3528518168581,19.16705498365528,80.35749679499378,31.86533,6299.624945558739,3.250098,1.7532701722752742
dodb,w16_spread,6c,3,4540.758638,13748.778,16835.673,22899.662,20.171386,1.6558410000000094,0.2264109999999988,8.50449675595155,410.7238911644662,20.512126408646232,82.35643096810539,31.843137,6188.793368347339,4.160654,2.6534908130520183
dodb,w16_spread,6c12t,3,4331.020198,13670.841,16900.917,54152.367,26.544963,2.1316129999999873,0.22812100000000157,9.005211781011894,371.22947036614335,19.041056909017243,81.79254009820892,32.0059,6537.12148820059,7.64049,3.875064328047556
rocksdb,w16_spread,1c,3,4887.7716028002915,13256.663,15883.195,49003.038,17.75367134014391,1.1048019999999994,0.32021300000000075,8.504322630993556,398.51525848628836,9.89048961913401,81.65259364329567,,,,1.23228293032398
rocksdb,w16_spread,2c,3,4822.120048912578,12852.413999999999,14820.0,47726.551,20.6502143291252,1.082447000000002,0.4666860000000028,8.003847078012768,423.4210241732843,9.714070412945665,88.76002627873818,,,,3.200944634207524
rocksdb,w16_spread,4c,3,4789.289614986465,12502.587000000001,14941.728,51527.496999999996,21.94848793916511,1.2158700000000096,0.4962730000000004,8.00380181899527,458.6510123316992,10.27979924119387,91.45533670030068,,,,1.7581028604257312
rocksdb,w16_spread,6c,3,4782.72038967156,12408.360999999999,14915.549,49645.705,22.76439916590363,1.186635999999993,0.5652430000000024,8.004639633989427,454.1445906507714,10.205759628276448,91.85339836215877,,,,1.3934434051746316
rocksdb,w16_spread,6c12t,3,4883.991382978604,12326.215999999999,14758.824,50343.124,27.94273778573782,1.5442919999999845,0.6565539999999999,8.504210994986352,442.1117755469847,10.10424865870336,92.5612738591985,,,,2.3965924844145876
