engine,cores,cpu_list,workload,rep,tx_s,p50_us,p95_us,p99_us,cpu_one_core_pct,user_cpu_s,system_cpu_s,elapsed_s,context_voluntary,context_involuntary,disk_write_iops,disk_write_mib_s,disk_io_busy_pct,avg_group,wal_sync_us,effective_worker_parallelism,verification
dodb,1c,0,w16_compact,1,15522.871064,3779.116,5603.001,6777.466,49.962892,3.3257599999999994,0.624883,8.002771666040644,98084,86984,831.3369764417581,24.67455676486836,50.18261381918083,52.269179,1713.3348458950202,0.934335,errors=0
dodb,1c,0,w16_compact,2,15603.311344,3760.34,5592.061,6975.068,50.360338,3.4531090000000013,0.5128090000000001,8.002831704972778,99439,88335,839.7027761841281,24.67583597656971,46.38358192255183,52.471774,1702.3000866935483,0.937571,errors=0
dodb,1c,0,w16_compact,3,6854.870614,7963.334,14050.324,16391.821,22.365645,1.6925369999999997,0.3176650000000003,8.503165525035001,43822,37623,377.8592796459498,17.08554885498386,73.5255591766722,51.542042,5868.652294294294,0.931287,errors=0
dodb,1c,0,w16_compact,4,15643.973318,3756.143,5644.429,7054.477,50.149265,3.443476,0.517775,8.003257910022512,100112,88270,817.0422687254879,24.58373854897381,48.18037908251233,52.479223,1693.8381514745308,0.93928,errors=0
dodb,1c,0,w16_compact,5,6794.194308,7982.94,14253.867,17737.819,21.988978,1.7311700000000005,0.282872,8.504033907025587,44101,37626,391.10850642919394,17.311637231170444,72.48324815482717,51.109774,5871.187787969924,0.929467,errors=0
dodb,1c,0,w16_compact,6,6870.713626,7939.208,14154.099,19312.775,22.351572,1.720174,0.2926519999999999,8.504015671031084,43581,37262,373.2354363847454,17.210159812917524,72.01303756837369,51.080119,5791.162505934718,0.916178,errors=0
dodb,1c,0,w16_spread,1,6107.161904,8876.087,15514.933,29920.635,24.189551,1.8503119999999953,0.3183910000000001,8.5043068890227,41645,34616,345.5895981121801,21.57638357769643,75.11488100512442,52.761658,6583.187055267703,0.95142,errors=0
dodb,1c,0,w16_spread,2,5480.9253,8894.182,17368.044,48648.932,22.18189,1.7478029999999976,0.3269409999999997,8.504641539009754,38607,32079,322.7649263533354,20.938015045456435,73.55983166726652,52.142586,7435.241604562738,0.946491,errors=0
dodb,1c,0,w16_spread,3,5974.833292,8882.269,16297.053,41937.189,23.757983,1.8691499999999976,0.312422999999999,9.00480365101248,41083,34442,308.6130589518779,20.18670820541005,72.49464011651166,53.156306,6819.174554174067,0.952717,errors=0
dodb,1c,0,w16_uniform,1,4400.101198,13893.028,21143.573,24811.78,47.61928,4.1803120000000025,0.5353729999999999,10.505204439978115,38805,28624,221.79482687010457,45.51724542649606,54.63958395855795,57.212435,6881.002150259067,1.078255,errors=0
dodb,1c,0,w16_uniform,2,4227.987663,13315.263,21242.919,66714.035,45.492269,4.052555000000002,0.5577769999999997,10.50554986501811,37498,27778,221.59715863630205,45.23687835060128,54.29511137721078,57.115903,7438.770172506738,1.076958,errors=0
dodb,1c,0,w16_uniform,3,4499.024053,13256.743,20181.277,22828.447,48.715801,4.005153,0.5477809999999996,10.505763377004769,36617,26650,222.16377013675248,45.06231917770187,53.494446793853854,56.90404,6550.083590909091,1.076422,errors=0
dodb,1c,0,w1_uniform,1,6762.0289,8955.156,12907.437,15322.252,8.98383,1.4961759999999913,0.47373199999999827,11.005519809026737,38594,25252,374.1758746027073,38.637216926476476,80.25063925427662,42.33875,5728.175055,0.868042,errors=0
dodb,1c,0,w1_uniform,2,6747.845925,9097.323,12905.384,15155.479,8.986743,1.49640100000002,0.4824000000000055,11.506176660011988,38758,25203,352.85396009170694,36.90511029834628,79.74847137442126,42.183521,5725.98054681648,0.874297,errors=0
dodb,1c,0,w1_uniform,3,6682.453015,11474.196,12877.011,17112.644,8.787708,1.5064700000000073,0.4898540000000011,12.506872539001051,38125,24208,321.18341235776643,33.830150077934235,80.97947723075575,42.086792,5775.186802515723,0.879961,errors=0
dodb,2c,"0,1",w16_compact,1,4643.638823,13194.136,17419.61,34490.045,15.559252,1.4074049999999971,0.1415740000000021,9.003729878982995,7786,5,383.3966640933831,15.994239546896116,80.10013735346115,32.020633,6109.247667125172,1.673729,errors=0
dodb,2c,"0,1",w16_compact,2,4690.00507,13160.924,15902.01,37055.593,16.162111,1.396456999999998,0.1845649999999992,8.503382752998732,7952,7,415.7169096914256,17.067196722247985,83.44914260736509,31.936141,6017.467262228261,1.671601,errors=0
dodb,2c,"0,1",w16_compact,3,4699.574793,13144.873,16101.415,33087.572,16.36231,1.4526740000000018,0.1542180000000002,9.003597197006457,7980,4,389.399916864971,16.14458885925389,82.27822544596991,32.0,6007.542054347826,1.693694,errors=0
dodb,2c,"0,1",w16_spread,1,4405.049684,14023.192,16475.278,46994.886,18.365187,1.5843440000000157,0.14633100000000354,8.504395756986924,8049,2,382.5080691156036,20.04432162155105,80.52306355068102,32.074128,6319.335597383721,1.901149,errors=0
dodb,2c,"0,1",w16_spread,2,4252.484343,13970.795,22734.631,57289.499,17.745269,1.5899,0.14010199999999884,9.004667871980928,8375,435,381.8019774718996,19.18579576794478,80.58042898592505,32.315152,6591.9427560606055,1.765761,errors=0
dodb,2c,"0,1",w16_spread,3,4468.563002,14029.395,16938.498,24392.324,18.557487,1.5663239999999803,0.2239149999999981,8.504281275963876,8482,207,388.74537338551255,20.48049321843007,82.5466582324954,32.268012,6230.998870317003,1.85399,errors=0
dodb,2c,"0,1",w16_uniform,1,3455.014888,17511.383,20425.755,79292.794,38.86518,3.700020000000002,0.39697600000000044,11.00604268501047,11876,23,279.75541146986484,42.53664733534101,66.94504292659838,32.101852,6797.026675925927,1.936943,errors=0
dodb,2c,"0,1",w16_uniform,2,3542.337489,17406.947,20117.686,33306.153,40.249307,3.7820979999999977,0.4066539999999996,11.005879436968826,12602,58,283.0305399799941,42.68208723712649,66.40087275036265,32.032432,6511.676394594595,1.930201,errors=0
dodb,2c,"0,1",w16_uniform,3,3622.671278,17422.987,20865.591,25998.59,40.692965,3.764223000000001,0.4264700000000001,11.005935625988059,11938,26,282.93823495087366,42.74575531217181,67.01838217718831,32.029982,6342.303499118166,1.935605,errors=0
dodb,2c,"0,1",w1_uniform,1,4999.509525,11930.263,23290.915,29884.687,5.989828,1.3299690000000055,0.4367870000000025,13.007819857040886,13952,17,307.19982625197883,32.19607788643468,86.00980120388236,31.898089,6118.941561783439,1.675595,errors=0
dodb,2c,"0,1",w1_uniform,2,5421.57981,11923.56,12495.814,17622.201,6.189474,1.389655999999988,0.38077399999999884,10.50531019596383,13372,22,411.4109835291227,40.048198687330654,81.93951286947451,31.870892,5631.790950704225,1.745864,errors=0
dodb,2c,"0,1",w1_uniform,3,5400.822064,11912.089,12549.425,18156.384,6.18628,1.396377000000001,0.3732199999999999,10.505083033000119,14307,16,410.0871917401389,40.14388486271332,82.51243681530929,31.728019,5627.9782649472445,1.715618,errors=0
dodb,4c,"0,1,2,3",w16_compact,1,4940.364774,13004.61,15363.209,19648.536,17.570711,1.4816860000000034,0.18964300000000023,8.50307973404415,12804,106,436.7829205611347,17.164277334205956,84.76928625214482,31.926452,5725.542836129032,2.258729,errors=0
dodb,4c,"0,1,2,3",w16_compact,2,4704.258737,13040.938,19903.784,39076.407,17.16737,1.4674739999999957,0.17336200000000002,8.503565137041733,11954,122,423.5870416643958,17.264358111458247,83.0710400421236,32.23803,6101.697770177839,2.421791,errors=0
dodb,4c,"0,1,2,3",w16_compact,3,4687.824279,13043.412,19022.521,41477.496,17.755399,1.5186509999999984,0.15951199999999943,8.503668025019579,12065,161,414.76219316450556,17.141959307573554,82.41149559673532,32.101093,6074.8106516393445,2.361892,errors=0
dodb,4c,"0,1,2,3",w16_spread,1,4283.073605,13909.96,16478.844,62361.672,19.155605,1.6059749999999937,0.21062500000000028,9.004760337993503,11471,71,364.2517820447479,18.95091386052646,80.35749679499378,32.085202,6597.302061285501,3.103603,errors=0
dodb,4c,"0,1,2,3",w16_spread,2,4452.120937,13728.098,17034.357,50095.728,19.554852,1.6725090000000051,0.19856199999999902,9.00491266901372,12152,53,371.3528518168581,19.16705498365528,79.68983446883294,31.783476,6274.626475783476,3.271344,errors=0
dodb,4c,"0,1,2,3",w16_spread,3,4440.034414,13731.595,16862.364,52300.669,19.563141,1.6690279999999973,0.17353100000000055,8.504618626029696,11839,59,393.5508630282363,20.28447439394887,82.77855021567922,31.86533,6299.624945558739,3.250098,errors=0
dodb,4c,"0,1,2,3",w16_uniform,1,3730.296123,16630.149,19500.488,27586.813,45.26284,4.111226999999985,0.43642900000000395,10.505226318957284,17013,91,299.2796066017608,45.113705608109235,69.86998449290472,31.924915,6456.102580204778,3.669753,errors=0
dodb,4c,"0,1,2,3",w16_uniform,2,3620.124975,16604.26,20770.653,62052.854,43.880303,3.9940799999999967,0.4741689999999963,10.505392299965024,16428,123,293.75390388898415,44.87241697309766,70.59231857552517,31.842105,6680.359942105263,3.672566,errors=0
dodb,4c,"0,1,2,3",w16_uniform,3,3864.495877,16557.701,18380.315,25296.302,47.283713,4.230592999999999,0.4250630000000015,10.505297129042447,17385,97,306.6072249489618,45.376289732173454,68.57492854803853,31.858553,6127.714167763158,3.699855,errors=0
dodb,4c,"0,1,2,3",w1_uniform,1,5150.934248,12014.23,17550.996,29679.432,7.189022,1.4362500000000011,0.4043730000000014,11.005702004011255,17868,114,377.62243594141114,38.39238570115731,82.10289536012009,31.844444,5887.8362518518525,1.302111,errors=0
dodb,4c,"0,1,2,3",w1_uniform,2,4316.897657,12009.852,28584.776,31775.378,5.789134,1.396575999999996,0.3852709999999995,10.505083000985906,15916,64,365.91809885169295,39.725932551968796,82.93128192497267,31.848306,7094.333276877762,1.398312,errors=0
dodb,4c,"0,1,2,3",w1_uniform,3,5365.628932,11992.82,14140.382,18271.821,7.189855,1.4025170000000031,0.441751,11.505900149000809,18075,94,383.4554396322608,36.75593832497549,84.09598444881586,31.794083,5644.8939692307695,1.30553,errors=0
dodb,6c,"0,1,2,3,4,5",w16_compact,1,5018.031699,12984.943,15146.262,19926.719,18.168254,1.4704530000000204,0.22886600000000357,8.503075581043959,15026,156,439.2528285090744,17.19782137724409,84.34595143419227,31.855513,5608.467439797211,2.248808,errors=0
dodb,6c,"0,1,2,3,4,5",w16_compact,2,4775.892195,13101.062,16050.89,27265.3,17.553294,1.4794939999999883,0.19008300000000133,8.503438678977545,14691,136,412.53898951168804,17.24210558047198,83.49563356707483,31.924,5951.032886666667,2.54229,errors=0
dodb,6c,"0,1,2,3,4,5",w16_compact,3,4913.162143,13094.227,15549.699,23011.762,17.529933,1.4793769999999995,0.2066859999999977,8.503474220982753,14316,175,444.9945871139103,17.465287850644643,83.96568054950633,32.624339,5877.664699735449,2.24376,errors=0
dodb,6c,"0,1,2,3,4,5",w16_spread,1,4599.898722,13748.778,16835.673,22899.662,20.748123,1.6558410000000094,0.25573599999999885,8.504329429008067,14552,36,412.3781926929719,20.53779286280213,82.45212110530707,31.890733,6088.868239280774,4.160654,errors=0
dodb,6c,"0,1,2,3,4,5",w16_spread,2,4322.957134,13782.761,19963.718,59873.501,19.74955,1.6230840000000057,0.2264109999999988,8.504527057986706,14325,75,383.44283906270306,20.05365775629314,81.69766469818033,31.727672,6481.075786237188,4.012649,errors=0
dodb,6c,"0,1,2,3,4,5",w16_spread,3,4540.758638,13706.618,16489.554,21823.801,20.171386,1.6922270000000026,0.20587799999999845,8.50449675595155,14724,80,410.7238911644662,20.512126408646232,82.35643096810539,31.843137,6188.793368347339,4.42782,errors=0
dodb,6c,"0,1,2,3,4,5",w16_uniform,1,3770.84234,16195.782,19362.269,37692.57,47.706914,4.346278000000012,0.3993339999999961,11.005714786006138,20165,111,296.48233335547934,43.19701825314364,71.4174422364103,31.696309,6449.158390939597,5.403359,errors=0
dodb,6c,"0,1,2,3,4,5",w16_uniform,2,3735.009492,16440.331,19723.497,49828.228,47.445146,4.2712729999999794,0.4644049999999993,11.506570430006832,20015,124,279.66630192503754,41.223050811302286,69.94264754172475,31.863946,6545.765795918368,5.397518,errors=0
dodb,6c,"0,1,2,3,4,5",w16_uniform,3,3814.10735,16292.905,19716.404,26430.671,48.699225,4.324486000000007,0.44703299999999757,10.50555564899696,18688,80,314.8810125350998,45.31791174657722,70.13431984155426,31.797005,6362.922577371048,5.456425,errors=0
dodb,6c,"0,1,2,3,4,5",w1_uniform,1,5049.667545,12324.273,14913.385,20593.05,7.188992,1.4074750000000051,0.4354730000000018,11.005309608997777,20538,113,364.64217205838816,38.15629817962397,84.72274139726916,31.887768,6015.625042875157,1.224541,errors=0
dodb,6c,"0,1,2,3,4,5",w1_uniform,2,5370.932313,11981.849,14148.338,18341.071,7.585781,1.4648520000000076,0.42311600000000027,11.005636729008984,21009,103,385.4388532395232,38.435915082951375,82.35779740129746,31.877962,5688.669037914691,2.408757,errors=0
dodb,6c,"0,1,2,3,4,5",w1_uniform,3,5274.626437,11929.351,16582.989,24933.259,7.385196,1.4696529999999939,0.3899060000000034,10.505272459995467,20374,139,399.70405489148175,40.167330414977364,79.27447890298309,31.762019,5757.931993990385,1.710957,errors=0
dodb,6c12t,"0,1,2,3,4,5,6,7,8,9,10,11",w16_compact,1,4866.775749,13022.774,15983.213,23110.537,18.354652,1.5263999999999953,0.1789949999999969,8.50356316100806,14530,121,418.4128385515766,17.161923447476312,81.84804261717181,31.804433,5792.865707953064,2.613913,errors=0
dodb,6c12t,"0,1,2,3,4,5,6,7,8,9,10,11",w16_compact,2,4807.089356,13037.302,15910.186,32806.474,18.362906,1.5251379999999983,0.21038599999999974,8.503363133000676,14747,138,420.6570910888225,17.308868438041372,84.24901874644462,32.026596,5910.867972074468,2.54768,errors=0
dodb,6c12t,"0,1,2,3,4,5,6,7,8,9,10,11",w16_compact,3,4936.454624,13001.234,15719.287,19974.277,18.78955,1.5620720000000006,0.192499999999999,8.503138071973808,15560,114,421.7266578111194,17.494919815581493,83.82787554036975,32.031128,5746.735143968872,2.662238,errors=0
dodb,6c12t,"0,1,2,3,4,5,6,7,8,9,10,11",w16_spread,1,4662.502629,13639.763,16156.769,22352.794,27.109891,2.1316129999999873,0.22812100000000157,8.504443060024641,23224,96,397.6744833412055,20.516389788080307,81.79254009820892,32.262069,6082.459416551724,7.64049,errors=0
dodb,6c12t,"0,1,2,3,4,5,6,7,8,9,10,11",w16_spread,2,4331.020198,13670.841,16900.917,56753.592,26.544963,2.155491000000012,0.24699799999999783,9.005211781011894,21841,79,371.22947036614335,19.041056909017243,79.95369986946551,32.0059,6537.12148820059,8.501081,errors=0
dodb,6c12t,"0,1,2,3,4,5,6,7,8,9,10,11",w16_spread,3,4273.722621,13675.91,19992.882,54152.367,25.358007,2.063135999999986,0.21321900000000227,9.005758027953561,21103,84,360.76918677086553,18.97397192658407,83.41330043160178,31.994021,6635.045370702542,7.374708,errors=0
dodb,6c12t,"0,1,2,3,4,5,6,7,8,9,10,11",w16_uniform,1,3603.592562,17865.918,20921.676,27396.014,62.776886,5.424531000000002,0.4092669999999998,11.006146159023046,27789,206,280.5705062773857,42.82656816832964,67.08978686373756,31.834507,6923.049008802817,10.594874,errors=0
dodb,6c12t,"0,1,2,3,4,5,6,7,8,9,10,11",w16_uniform,2,3779.410724,16294.176,18880.264,26835.602,66.613361,5.489901000000003,0.6069519999999997,11.005555771000218,29331,144,286.0373492718124,43.18344501531767,72.10903442887876,32.282794,6566.278638841568,10.6454,errors=0
dodb,6c12t,"0,1,2,3,4,5,6,7,8,9,10,11",w16_uniform,3,7377.067232,7785.931,16427.507,19223.598,125.427719,8.353865999999996,0.6745930000000016,11.00576094398275,42581,275,438.4976217967509,48.629006342593044,59.932248515776394,33.824176,2598.5812527472526,10.936531,errors=0
dodb,6c12t,"0,1,2,3,4,5,6,7,8,9,10,11",w16_uniform,4,3915.753292,16314.866,18447.321,25305.469,68.830432,5.734681999999999,0.5423869999999997,10.505751292977948,31550,191,309.44954904586126,45.50223424473403,68.72426158446996,33.209814,6468.997255499155,10.810136,errors=0
dodb,6c12t,"0,1,2,3,4,5,6,7,8,9,10,11",w16_uniform,5,3966.06064,16421.136,18862.54,24716.743,70.006904,5.795963,0.48028899999999997,10.505474402976688,32212,224,323.0696558585039,45.71426111551163,71.73402847818754,33.141667,6353.749870000001,10.859142,errors=0
dodb,6c12t,"0,1,2,3,4,5,6,7,8,9,10,11",w16_uniform,6,3739.13915,16218.224,20256.268,50031.94,65.469366,5.537783000000001,0.483212,10.505839766992722,30667,143,299.64287194731406,45.14007309438993,71.38886720472857,31.858844,6590.968078231293,10.659774,errors=0
dodb,6c12t,"0,1,2,3,4,5,6,7,8,9,10,11",w1_uniform,1,4918.88983,13415.732,14303.88,20955.09,8.982268,1.582679000000013,0.39882300000000015,10.505359510018025,24396,125,380.37727278056224,39.89481507989639,81.78682501828305,31.87969,6186.361131953428,1.987783,errors=0
dodb,6c12t,"0,1,2,3,4,5,6,7,8,9,10,11",w1_uniform,2,5334.271115,12145.055,13594.188,18557.126,9.781427,1.578327999999999,0.43775699999999773,10.504963182029314,25317,71,407.9024291422826,40.14471471174959,81.98029684418525,31.925926,5688.713025089606,1.878294,errors=0
dodb,6c12t,"0,1,2,3,4,5,6,7,8,9,10,11",w1_uniform,3,5136.462477,12187.636,18028.934,26302.871,9.98069,1.6453330000000221,0.3844259999999977,11.00589419103926,27005,95,382.7040244880158,38.355158170036795,82.02877333992893,31.807169,5883.78570210136,1.89472,errors=0
rocksdb,1c,0,w16_compact,1,12853.350689507002,4886.946,7982.939999999999,10894.758,41.96196882699527,2.4719700000000002,0.784688,8.003622183052357,114137,98796,1025.6606086907163,21.750893972559872,64.87062833867948,,,,passed
rocksdb,1c,0,w16_compact,2,7828.182250000647,5352.029,13897.395999999999,15588.141,26.75755481723559,2.174861,0.5508030000000002,8.003328464983497,84069,73093,768.8051323797176,16.69227379389776,71.12040977580617,,,,passed
rocksdb,1c,0,w16_compact,3,5256.484392202226,13224.964,15141.453,17483.36,18.956307833550145,1.1670299999999987,0.27364799999999967,8.002814472012687,46809,40057,451.216258058753,10.18245287766941,85.61987815614998,,,,passed
rocksdb,1c,0,w16_compact,4,14040.503481688896,4749.539,5334.287,8544.104000000001,45.15787822140505,2.7997620000000003,0.785347,8.004389420035295,122154,106580,1108.6417132314973,23.48613712239541,61.16643935070329,,,,passed
rocksdb,1c,0,w16_compact,5,11009.834201016596,4824.48,13390.334,15314.277,36.31106524690165,2.374985999999999,0.5767249999999999,8.004181972995866,102849,89750,939.8836789794066,20.16328783434611,66.91502039895921,,,,passed
rocksdb,1c,0,w16_compact,6,4353.454106280839,13396.456,43112.537,51141.303,15.162573304493094,1.1567989999999995,0.34704000000000024,8.504274176957551,39111,32978,346.0612791593784,8.197624194536594,83.34632506563622,,,,passed
rocksdb,1c,0,w16_spread,1,4887.7716028002915,13152.887999999999,15791.253000000002,49003.038,17.762828609604977,1.1048019999999994,0.343985,8.504065849003382,44844,38119,398.51525848628836,9.89048961913401,80.52618737427272,,,,passed
rocksdb,1c,0,w16_spread,2,4902.407043318839,13345.038999999999,15962.985999999999,51735.228,17.75367134014391,1.1398040000000051,0.32021300000000075,8.504322630993556,44617,38266,399.9142727258764,9.896162210883526,81.65259364329567,,,,passed
rocksdb,1c,0,w16_spread,3,4768.863045284793,13256.663,15883.195,22817.657000000003,17.56266783783477,1.0822640000000021,0.31831299999999985,8.504549520963337,43463,37358,396.8464163423089,9.769127811556212,81.97965080706896,,,,passed
rocksdb,1c,0,w16_uniform,1,4780.65416340538,13926.16,16107.085000000001,43953.344,22.755514598255257,1.4092729999999989,0.3434360000000001,8.504084781976417,43883,35972,386.40254468821365,9.166091442927028,78.4564144296945,,,,passed
rocksdb,1c,0,w16_uniform,2,4701.579237708971,13756.612,21106.984,53207.25199999999,22.33813577497157,1.3767509999999987,0.3541350000000003,8.003750681004021,42954,35490,404.81021075403635,9.685888602701347,84.01061287376977,,,,passed
rocksdb,1c,0,w16_uniform,3,4867.813736991312,13848.314,16305.969,22595.82,22.541715936399402,1.421911999999999,0.376506,8.504345084016677,45030,37374,389.21280443110356,9.450132456530312,80.71168246571284,,,,passed
rocksdb,1c,0,w1_uniform,1,5841.23681127983,11856.364,12841.263,22389.973,9.979220301499693,0.6433920000000057,0.29635100000000136,8.50332456396427,50792,44255,469.6986419789189,4.7936214175266985,85.37837107578746,,,,passed
rocksdb,1c,0,w1_uniform,2,5828.690401576831,11859.008000000002,15163.865,22021.351000000002,9.970731810148878,0.6457809999999995,0.30787300000000073,8.503110104997177,52792,45691,472.8857971199157,4.74458750996185,86.69768953912008,,,,passed
rocksdb,1c,0,w1_uniform,3,5879.89542520072,12024.920999999998,12623.514000000001,19213.939,9.97843978074317,0.661674999999974,0.2724539999999962,8.50353324500611,50680,44130,451.9297907439696,4.592300650195428,86.64633614888285,,,,passed
rocksdb,2c,"0,1",w16_compact,1,4683.65448419755,12880.057,15673.652,49622.721000000005,20.371530313767007,1.0098040000000026,0.49287999999999954,8.00334534799913,79946,18934,443.0647242888894,9.589251795711508,88.21311205526112,,,,passed
rocksdb,2c,"0,1",w16_compact,2,4763.639621813599,12818.681,15876.273,47831.648,20.348056510950503,1.0150310000000076,0.4708509999999997,8.003184883040376,79965,16994,438.7003488373976,9.689013796785082,89.46438330036362,,,,passed
rocksdb,2c,"0,1",w16_compact,3,4928.67676632366,12974.503,15332.672,23071.634000000002,20.951864796112723,1.113468999999995,0.4404010000000014,8.002878461033106,82060,16884,454.58643633210494,9.891460508295795,89.06795267111721,,,,passed
rocksdb,2c,"0,1",w16_spread,1,5116.293236493115,12782.534,14559.46,21550.357,21.754474849921962,1.1937360000000012,0.46896699999999925,8.003602857992519,82504,15195,453.29585492576314,10.602158834663072,88.76002627873818,,,,passed
rocksdb,2c,"0,1",w16_spread,2,4822.120048912578,12852.413999999999,14820.0,47726.551,20.6502143291252,1.082447000000002,0.4639060000000015,8.003847078012768,77684,18869,417.799086789932,9.421250714190583,90.15664504414322,,,,passed
rocksdb,2c,"0,1",w16_spread,3,4755.414529353881,12961.53,15946.885,48195.483,20.34444601938159,1.0701580000000206,0.4666860000000028,8.003853862988763,76589,15594,423.4210241732843,9.714070412945665,88.50736309364255,,,,passed
rocksdb,2c,"0,1",w16_uniform,1,4646.395804787514,13249.479,16293.516000000001,48473.764,25.49681312753159,1.4950639999999993,0.43003199999999886,8.504798063018825,75590,12730,401.0677237396095,9.022021238063834,81.78912595522496,,,,passed
rocksdb,2c,"0,1",w16_uniform,2,4722.988869441513,13241.505000000001,15854.611,44656.996999999996,25.741596219495083,1.4194460000000007,0.5268860000000011,8.504264626011718,76872,15054,398.85870785640884,8.940826702103523,83.440489119961,,,,passed
rocksdb,2c,"0,1",w16_uniform,3,3806.80345727304,13345.891,42845.744999999995,46621.755,19.570200850483026,1.7707160000000002,0.437519,9.004957266966812,66872,10037,338.48022923785334,7.662879923165138,78.2680005140548,,,,passed
rocksdb,2c,"0,1",w1_uniform,1,5108.437212008035,13154.702000000001,13874.143,14640.151,11.575159522462243,0.640979999999999,0.39660599999999846,8.503194367978722,85948,26103,425.2519516215119,4.407351035174383,88.39031162575452,,,,passed
rocksdb,2c,"0,1",w1_uniform,2,5590.75302832108,11667.86,12372.603,21064.665999999997,12.77612632337889,0.6259080000000097,0.5041100000000007,8.503288896987215,95292,29266,465.46695613297953,4.668689871758416,88.10708527913802,,,,passed
rocksdb,2c,"0,1",w1_uniform,3,5509.156541917923,11698.818,12654.090999999999,22796.077,12.57069402900504,0.6846010000000007,0.4363829999999993,8.503019570023753,94093,26446,479.3591225368206,4.769904786881104,87.73353911002654,,,,passed
rocksdb,4c,"0,1,2,3",w16_compact,1,4765.48980068636,12528.947,15065.67,51670.325000000004,21.562398863552172,1.1805379999999985,0.4141560000000002,8.00348243600456,75434,11120,442.1825159607289,9.654488763840398,90.81046979379988,,,,passed
rocksdb,4c,"0,1,2,3",w16_compact,2,3935.849067923474,12664.141,42296.944,44538.503,17.557394331488098,1.3134590000000017,0.4719009999999999,8.504454572976101,67216,9069,378.5075188982429,8.380718232828203,87.15432525858267,,,,passed
rocksdb,4c,"0,1,2,3",w16_compact,3,4256.982085944485,12598.127,40786.889,56103.58,17.965318753399778,1.4035920000000033,0.4029670000000003,10.004899567982648,68757,8753,329.13873623860763,7.256210395387141,87.55710080322511,,,,passed
rocksdb,4c,"0,1,2,3",w16_spread,1,4762.223287673215,12581.566,15057.384,52772.426,21.94848793916511,1.2158700000000096,0.4962730000000004,8.00390689499909,75692,10657,458.6510123316992,10.174230512461408,91.45533670030068,,,,passed
rocksdb,4c,"0,1,2,3",w16_spread,2,4789.289614986465,12376.661,14941.728,51527.496999999996,21.94268222951856,1.1955499999999972,0.521611,8.00378896703478,77328,12020,452.0359063565348,10.27979924119387,92.25630548746967,,,,passed
rocksdb,4c,"0,1,2,3",w16_spread,3,4954.561220537013,12502.587000000001,14670.697999999999,27745.841,22.151540479301097,1.2486239999999924,0.485576,8.00380181899527,77770,9989,466.5282929842377,10.513558356766419,90.70689360111317,,,,passed
rocksdb,4c,"0,1,2,3",w16_uniform,1,4929.853868435692,12679.149000000001,14528.061,17270.711,27.931183390570492,1.5007290000000069,0.6366729999999947,8.50461013102904,77208,9637,428.82624174551324,9.650096975117854,84.37776558173302,,,,passed
rocksdb,4c,"0,1,2,3",w16_uniform,2,4568.954024697164,12696.241,15652.082,47628.717000000004,26.54280096465112,1.545894000000004,0.5406820000000039,8.504462183977012,73808,9624,437.1822602733147,9.321393379743235,85.41398436324255,,,,passed
rocksdb,4c,"0,1,2,3",w16_uniform,3,4968.517928513069,12594.51,15033.980000000001,38681.846,28.353877982914273,1.5516159999999957,0.601303999999999,8.504818850953598,77072,9780,438.45731053776507,9.658586818787986,86.49214203045857,,,,passed
rocksdb,4c,"0,1,2,3",w1_uniform,1,5520.451619090684,11610.462,12156.277,14342.973,12.983188191652598,0.7613680000000045,0.4083319999999997,8.502832690021023,88625,14423,478.6640109685537,4.739688844789013,89.75832264648653,,,,passed
rocksdb,4c,"0,1,2,3",w1_uniform,2,5550.9406209967365,11471.511,17354.679,21128.605000000003,12.753453465816742,0.7215960000000052,0.4546469999999996,8.503311360022053,88801,14910,477.9314584559044,4.741718936644398,93.04610480568691,,,,passed
rocksdb,4c,"0,1,2,3",w1_uniform,3,5677.26039077509,11653.943,12056.189,14562.035,13.174150404020674,0.6564249999999987,0.5046269999999993,8.503170955984388,88153,14207,476.8809213633603,4.71653092212317,88.90800901373622,,,,passed
rocksdb,6c,"0,1,2,3,4,5",w16_compact,1,4893.1829721612485,12503.248,15060.942000000001,48808.884,22.94926761005479,1.1659699999999873,0.534563999999996,8.003589811036363,75867,7733,455.79547254779044,10.022358172252858,92.00871326321077,,,,passed
rocksdb,6c,"0,1,2,3,4,5",w16_compact,2,5028.080185553754,12400.687,14737.354,40151.577,23.36134467912752,1.2639259999999979,0.44747699999999924,8.003419523010962,77157,8189,460.0533546209504,9.993287059368168,91.41092727883958,,,,passed
rocksdb,6c,"0,1,2,3,4,5",w16_compact,3,4686.640501121673,12380.748,14862.189,47550.77,21.958957921513996,1.1213050000000067,0.516210000000001,8.00353157700738,73573,8111,440.5555180327552,9.608063235598964,91.40964747384109,,,,passed
rocksdb,6c,"0,1,2,3,4,5",w16_spread,1,4782.72038967156,12382.943000000001,14730.571,54046.238000000005,22.76439916590363,1.2620870000000082,0.5140409999999989,8.004639633989427,75934,8934,457.73453491171114,10.329458605345282,92.09658819238904,,,,passed
rocksdb,6c,"0,1,2,3,4,5",w16_spread,2,4907.664797469229,12408.360999999999,14915.549,49645.705,22.960068821812023,1.186635999999993,0.5652430000000024,8.004058783990331,74726,8478,454.1445906507714,10.205759628276448,91.85339836215877,,,,passed
rocksdb,6c,"0,1,2,3,4,5",w16_spread,3,4752.759532261894,12471.018,15089.185,49308.710999999996,22.5514099158343,1.167853999999977,0.5690810000000042,8.504620573949069,73834,8639,416.0091528171669,9.396546477898001,90.11571925355476,,,,passed
rocksdb,6c,"0,1,2,3,4,5",w16_uniform,1,4869.447322424272,12584.773000000001,15735.107000000002,43311.28,28.94678016364051,1.765196000000003,0.4562579999999983,8.50429275399074,75620,7582,442.8351785317786,9.689499895371279,85.13347563914171,,,,passed
rocksdb,6c,"0,1,2,3,4,5",w16_uniform,2,4057.3178431430483,12679.609999999999,42018.262,44665.653,23.553082377669092,1.744043000000005,0.44823500000000394,9.005546350032091,55766,5995,306.25571095863296,6.963156793899189,82.5713367182159,,,,passed
rocksdb,6c,"0,1,2,3,4,5",w16_uniform,3,4845.322623480994,12531.482,14760.978,48826.928,29.560482636348862,1.6092380000000048,0.6018290000000022,8.003800378006417,74392,7064,446.16305146899015,9.971337362349194,91.50653007445769,,,,passed
rocksdb,6c,"0,1,2,3,4,5",w1_uniform,1,5655.397406023763,11577.511,12376.09,18978.107,13.567845879537677,0.7111149999999782,0.5019629999999964,8.503238364995923,86617,10366,497.22233089511036,4.896571983845588,92.20016731829861,,,,passed
rocksdb,6c,"0,1,2,3,4,5",w1_uniform,2,5487.142739265058,11480.618,13455.678,21769.84,13.381813545326645,0.7574160000000063,0.43217200000000133,8.503414470993448,83455,9847,482.3944562496159,4.888661212716751,88.90546292655038,,,,passed
rocksdb,6c,"0,1,2,3,4,5",w1_uniform,3,5533.238712563608,11594.702,15913.693,22837.113999999998,13.368684639636571,0.738821999999999,0.4867129999999946,9.504530197009444,86482,10099,435.05569599863634,4.387710295572704,92.12449030626505,,,,passed
rocksdb,6c12t,"0,1,2,3,4,5,6,7,8,9,10,11",w16_compact,1,5125.666382774334,12202.664,14486.523,38706.192,28.949543314076205,1.4178730000000002,0.6879620000000024,8.003177777980454,77197,5895,468.8137767379186,10.146360264971028,91.7635494766331,,,,passed
rocksdb,6c12t,"0,1,2,3,4,5,6,7,8,9,10,11",w16_compact,2,5046.58224878318,12204.828,14656.121,47075.379,28.745217508198962,1.5949020000000047,0.5023020000000002,8.503610635001678,75933,4702,444.86985145213595,9.466567021384336,88.66821781520235,,,,passed
rocksdb,6c12t,"0,1,2,3,4,5,6,7,8,9,10,11",w16_compact,3,5037.143075312842,12216.711,14319.008,41691.969000000005,28.75514778374823,1.4918799999999948,0.632557000000002,8.003251536982134,76221,4791,462.43704610533496,10.037912357093436,93.16213498409559,,,,passed
rocksdb,6c12t,"0,1,2,3,4,5,6,7,8,9,10,11",w16_spread,1,4883.991382978604,12274.149,14758.824,50859.204,27.94273778573782,1.4929270000000088,0.6565539999999999,8.504210994986352,75504,4784,433.3147427988896,9.927985976568012,88.14456749037927,,,,passed
rocksdb,6c12t,"0,1,2,3,4,5,6,7,8,9,10,11",w16_spread,2,4743.539079555024,12392.231,16440.001,50343.124,27.764524678210726,1.5442919999999845,0.5827519999999993,8.004058760998305,73329,5118,446.2735852721904,10.10424865870336,93.35263799422752,,,,passed
rocksdb,6c12t,"0,1,2,3,4,5,6,7,8,9,10,11",w16_spread,3,5030.345559588215,12326.215999999999,14404.9,45945.346,28.77999156172235,1.5505210000000034,0.6752869999999973,8.504636628029402,77505,4792,442.1117755469847,10.238440812747086,92.5612738591985,,,,passed
rocksdb,6c12t,"0,1,2,3,4,5,6,7,8,9,10,11",w16_uniform,1,4387.060990081744,12192.525,14736.822,45287.279,31.347559413928355,1.8174899999999923,0.6028309999999983,8.504691920010373,69819,5166,408.83315147713887,8.880667807883142,86.11717001491415,,,,passed
rocksdb,6c12t,"0,1,2,3,4,5,6,7,8,9,10,11",w16_uniform,2,5008.897752475384,12396.377999999999,14356.579,41999.366,35.12914940966995,2.0644900000000064,0.5892119999999998,8.504373449017294,75824,5310,433.3064654428849,9.724775786928383,87.90771060111283,,,,passed
rocksdb,6c12t,"0,1,2,3,4,5,6,7,8,9,10,11",w16_uniform,3,9250.258350935152,5692.6,14259.646,15159.276,60.87928699124401,4.050668000000002,1.3022939999999998,8.004210808023345,162195,9495,940.2550957873335,20.429188482403486,82.2067304050047,,,,passed
rocksdb,6c12t,"0,1,2,3,4,5,6,7,8,9,10,11",w16_uniform,4,4856.322683545779,12263.046999999999,14947.128,50166.293,34.95194199549707,1.9493590000000012,0.668485,8.504493533982895,73959,5409,426.01008343682594,9.545045913155406,86.96579014901366,,,,passed
rocksdb,6c12t,"0,1,2,3,4,5,6,7,8,9,10,11",w16_uniform,5,4831.946112802017,12380.548999999999,14541.536,47494.765,34.13180705920129,1.9612030000000011,0.6601119999999998,8.5043470080127,75194,4939,441.0685495859764,9.829991199939892,88.04908822446791,,,,passed
rocksdb,6c12t,"0,1,2,3,4,5,6,7,8,9,10,11",w16_uniform,6,4895.344156429228,12347.937,14871.346000000001,44157.419,34.93394883884985,1.9711019999999984,0.659891,8.50477843801491,74884,5343,431.8748603234996,9.658632714384181,88.5619778915491,,,,passed
rocksdb,6c12t,"0,1,2,3,4,5,6,7,8,9,10,11",w1_uniform,1,5802.749070066174,11503.381,11951.272,14044.854000000001,15.777022870843465,0.8061649999999929,0.5479130000000012,8.504068039997946,84356,3462,481.4166562102187,4.758751906694502,91.95599051206425,,,,passed
rocksdb,6c12t,"0,1,2,3,4,5,6,7,8,9,10,11",w1_uniform,2,5811.5123609297325,11295.060000000001,11993.111,20478.394,15.795956528933386,0.8805049999999994,0.4882419999999996,8.503125909017399,86131,3813,491.11350868877923,4.809352664839662,90.27268421204668,,,,passed
rocksdb,6c12t,"0,1,2,3,4,5,6,7,8,9,10,11",w1_uniform,3,5803.821473141017,11405.076000000001,12000.785,17326.727,15.781568043855723,0.7900039999999819,0.5688030000000026,8.50336516101379,84643,3623,482.9852560995222,4.763279652590039,89.47046088154772,,,,passed
dodb,1c,0,w16_compact,10,15617.130199,3768.234,5542.36,6910.021,50.752326,3.4720060000000004,0.5200170000000002,8.003131981007755,98876,87391,836.0476893144362,24.776920988004367,48.53100022862458,52.561533,1693.6481815736383,0.934091,errors=0
dodb,1c,0,w16_compact,11,5734.667011,8134.152,22929.615,33516.78,19.1942,1.5696510000000004,0.3068749999999998,8.50355900399154,39664,34010,335.50658008732717,16.53765278561474,77.99087413736957,51.493716,7278.978673249551,0.931934,errors=0
dodb,1c,0,w16_compact,12,7024.841301,7978.108,14044.191,15565.262,22.962871,1.7114940000000018,0.34172700000000056,8.503611352003645,45520,39359,385.2480863001929,17.180660098673965,72.62796645268592,52.4307,5767.059658718331,0.935741,errors=0
dodb,1c,0,w16_compact,7,15644.894547,3769.097,5652.828,6821.005,50.377764,3.369258,0.5914829999999999,8.002964521991089,99007,87987,829.6925447756463,24.657854843382964,48.032200935505784,52.487592,1695.6972655935613,0.938108,errors=0
dodb,1c,0,w16_compact,8,15606.062117,3776.771,5647.599,6866.139,50.178336,3.3920639999999995,0.572711,8.003216506971512,98939,87569,830.29117033278,24.773730796522827,47.880748904668366,52.497646,1700.0929932750505,0.938127,errors=0
dodb,1c,0,w16_compact,9,15644.078059,3749.89,5539.704,6920.361,50.338471,3.449480000000001,0.5717829999999999,8.003226994012948,100960,89322,829.9152335637544,24.498418749920912,45.33171435364801,52.738047,1697.3508336700336,0.939053,errors=0
rocksdb,1c,0,w16_compact,10,6880.178991486799,10240.081,13870.867,16087.876,23.144760114040793,1.9533829999999988,0.5246689999999994,8.003456480044406,78452,68186,719.1892670812729,15.716354123200293,72.36873236509264,,,,passed
rocksdb,1c,0,w16_compact,11,5253.147619241649,13193.393,15503.947,19745.311,18.75839067803962,1.0890869999999993,0.3494830000000002,8.00309248000849,47031,40267,444.4531921735617,10.241158365311437,85.31701985271519,,,,passed
rocksdb,1c,0,w16_compact,12,5083.258950629215,13120.686,15406.433,25037.146,17.962751013256483,1.1158429999999981,0.2578119999999995,8.003601797972806,45035,38676,428.0572780204726,9.873484400487724,86.16120809192,,,,passed
rocksdb,1c,0,w16_compact,7,13855.564589780714,4795.697,5408.368,9883.342,44.747566546675706,2.808334,0.734549,8.003733169985935,120718,105316,1089.1167677464339,23.084442575229513,63.220498391613575,,,,passed
rocksdb,1c,0,w16_compact,8,13987.085800152618,4755.33,5349.729,9035.488,44.94821619393194,2.8480310000000006,0.7059220000000002,8.004272766993381,121950,106409,1098.1634754186118,23.298103454069135,62.916396612151644,,,,passed
rocksdb,1c,0,w16_compact,9,13979.449073843907,4748.838,5348.125,9962.43,44.55362503168774,2.854996,0.6820270000000002,8.004383174993563,121440,106487,1100.8968220723748,23.3114464813399,61.41635017371533,,,,passed
