attempt	run_id	start_utc	end_utc	elapsed_seconds	status	detail
01	01-get-main-btree-r1	2026-10-08T02:46:08.638702+00:00	2026-10-08T02:48:10.246162+00:00	121.607424628	recovered-and-accepted	JSONL was written to a source-relative path, copied with SHA-256 preserved, and checkout was restored clean
02	02-get-planned-blink-r1	2026-10-08T02:49:10.268077+00:00	2026-10-08T02:50:55.351351+00:00	105.083215496	invalid-stopped	Wrong output path; stopped after 105s; no JSONL record
03	05-mixed50-w4-main-btree	2026-10-08T02:57:42.938929+00:00	2026-10-08T02:59:44.670482+00:00	121.731522175	invalid-client-model	--mixed-clients ran one mixed client instead of separate writer and reader clients; raw JSONL preserved under invalid/attempt-03-one-mixed-client
03	06-mixed50-w4-planned-blink	2026-10-08T02:59:44.675381+00:00	2026-10-08T03:01:46.262023+00:00	121.586608953	invalid-client-model	--mixed-clients ran one mixed client instead of separate writer and reader clients; raw JSONL preserved under invalid/attempt-03-one-mixed-client
03	07-mixed50-w8-planned-blink	2026-10-08T03:01:46.264878+00:00	2026-10-08T03:03:47.896961+00:00	121.632054058	invalid-client-model	--mixed-clients ran one mixed client instead of separate writer and reader clients; raw JSONL preserved under invalid/attempt-03-one-mixed-client
03	08-mixed50-w8-main-btree	2026-10-08T03:03:47.900550+00:00	2026-10-08T03:05:49.592734+00:00	121.692146814	invalid-client-model	--mixed-clients ran one mixed client instead of separate writer and reader clients; raw JSONL preserved under invalid/attempt-03-one-mixed-client
04	02-get-planned-blink-r1	2026-10-08T02:51:38.231313+00:00	2026-10-08T02:53:39.780373+00:00	121.549022686	accepted	Final run
04	03-query16-planned-blink-r1	2026-10-08T02:53:39.783359+00:00	2026-10-08T02:55:41.347229+00:00	121.563838133	accepted	Final run
04	04-query16-main-btree-r1	2026-10-08T02:55:41.350254+00:00	2026-10-08T02:57:42.935553+00:00	121.585266958	accepted	Final run
04	05-mixed50-w4-main-btree	2026-10-08T03:07:07.614540+00:00	2026-10-08T03:09:09.294262+00:00	121.679681748	accepted	Final run
04	06-mixed50-w4-planned-blink	2026-10-08T03:09:09.297433+00:00	2026-10-08T03:11:10.867501+00:00	121.570037805	accepted	Final run
04	07-mixed50-w8-planned-blink	2026-10-08T03:11:10.870190+00:00	2026-10-08T03:13:12.481642+00:00	121.611422441	accepted	Final run
04	08-mixed50-w8-main-btree	2026-10-08T03:13:12.484420+00:00	2026-10-08T03:15:14.223014+00:00	121.738546494	accepted	Final run
