run_id	started_utc	ended_utc	actual_elapsed_seconds	exit_code	jsonl_records	result_duration_ms	state
02-get-planned-blink-r1	2026-10-08T02:49:10.268077+00:00	2026-10-08T02:50:55.351351+00:00	105.083215496	-15	0		invalid-output
02-get-planned-blink-r1	2026-10-08T02:51:38.231313+00:00	2026-10-08T02:53:39.780373+00:00	121.549022686	0	1	120000	process-exited
03-query16-planned-blink-r1	2026-10-08T02:53:39.783359+00:00	2026-10-08T02:55:41.347229+00:00	121.563838133	0	1	120001	process-exited
04-query16-main-btree-r1	2026-10-08T02:55:41.350254+00:00	2026-10-08T02:57:42.935553+00:00	121.585266958	0	1	120001	process-exited
05-mixed50-w4-main-btree	2026-10-08T02:57:42.938929+00:00	2026-10-08T02:59:44.670482+00:00	121.731522175	0	1	120001	process-exited
06-mixed50-w4-planned-blink	2026-10-08T02:59:44.675381+00:00	2026-10-08T03:01:46.262023+00:00	121.586608953	0	1	120006	process-exited
07-mixed50-w8-planned-blink	2026-10-08T03:01:46.264878+00:00	2026-10-08T03:03:47.896961+00:00	121.632054058	0	1	120012	process-exited
08-mixed50-w8-main-btree	2026-10-08T03:03:47.900550+00:00	2026-10-08T03:05:49.592734+00:00	121.692146814	0	1	120001	process-exited
05-mixed50-w4-main-btree	2026-10-08T03:07:07.614540+00:00	2026-10-08T03:09:09.294262+00:00	121.679681748	0	1	120002	process-exited
06-mixed50-w4-planned-blink	2026-10-08T03:09:09.297433+00:00	2026-10-08T03:11:10.867501+00:00	121.570037805	0	1	120001	process-exited
07-mixed50-w8-planned-blink	2026-10-08T03:11:10.870190+00:00	2026-10-08T03:13:12.481642+00:00	121.611422441	0	1	120001	process-exited
08-mixed50-w8-main-btree	2026-10-08T03:13:12.484420+00:00	2026-10-08T03:15:14.223014+00:00	121.738546494	0	1	120002	process-exited
09-get-main-btree-provenance-clean-r1	2026-10-08T04:27:16.190459+00:00	2026-10-08T04:29:17.734525+00:00	121.54398542	0	1	120000	process-exited
